Title,Summary,EventDate,DatePrecision,Category,Importance,SourceType,SourceKey,SourceUrl
Freddie Mercury born,"Freddie Mercury, Queen's lead vocalist and pianist, was born in Stone Town, Zanzibar.",1946-09-05,ExactDate,Birthday,95,Wikipedia,freddie-mercury-born-1946-09-05,https://en.wikipedia.org/wiki/Freddie_Mercury
Brian May born,"Brian May, Queen's lead guitarist, was born in Hampton, Middlesex, England.",1947-07-19,ExactDate,Birthday,85,Wikipedia,brian-may-born-1947-07-19,https://en.wikipedia.org/wiki/Brian_May
Roger Taylor born,"Roger Taylor, Queen's drummer, was born in King's Lynn, Norfolk, England.",1949-07-26,ExactDate,Birthday,85,Wikipedia,roger-taylor-born-1949-07-26,https://en.wikipedia.org/wiki/Roger_Taylor_(musician)
John Deacon born,"John Deacon, Queen's bassist, was born in Leicester, England.",1951-08-19,ExactDate,Birthday,85,Wikipedia,john-deacon-born-1951-08-19,https://en.wikipedia.org/wiki/John_Deacon
Smile forms,"Brian May and Roger Taylor form the band Smile, a precursor to Queen, with Tim Staffell.",1968-10,MonthYear,SiteHistory,60,Wikipedia,smile-forms-1968-10,https://en.wikipedia.org/wiki/Smile_(band)
Freddie Mercury joins the band,"Following Tim Staffell's departure from Smile, Freddie Mercury joins Brian May and Roger Taylor.",1970-04,MonthYear,SiteHistory,80,Wikipedia,freddie-mercury-joins-the-band-1970-04,https://en.wikipedia.org/wiki/Queen_(band)
Band renamed Queen,Freddie Mercury proposes the name Queen for the newly reformed band.,1970,YearOnly,SiteHistory,80,Wikipedia,band-renamed-queen-1970,https://en.wikipedia.org/wiki/Queen_(band)
Queen's first live performance,"The band, without a permanent bassist yet, plays its first gig as Queen at a college in Truro.",1970-06-27,ExactDate,Concert,70,Wikipedia,queen-s-first-live-performance-1970-06-27,https://en.wikipedia.org/wiki/Queen_(band)
John Deacon joins Queen,"John Deacon joins as bassist, completing the classic Queen lineup.",1971-02,MonthYear,SiteHistory,85,Wikipedia,john-deacon-joins-queen-1971-02,https://en.wikipedia.org/wiki/John_Deacon
Queen's classic line-up debut gig,"The definitive four-piece line-up of Mercury, May, Taylor and Deacon performs live for the first time.",1971-07-02,ExactDate,Concert,75,Wikipedia,queen-s-classic-line-up-debut-gig-1971-07-02,https://en.wikipedia.org/wiki/Queen_(band)
Freddie Mercury designs the Queen crest,"Freddie Mercury, a trained graphic designer, creates the band's iconic crest logo combining the members' zodiac signs.",1973,YearOnly,SiteHistory,60,Wikipedia,freddie-mercury-designs-the-queen-crest-1973,https://en.wikipedia.org/wiki/Queen_(band)
Queen signs with EMI,Queen signs a recording contract with EMI Records in the UK.,1972-11,MonthYear,SiteHistory,65,Wikipedia,queen-signs-with-emi-1972-11,https://en.wikipedia.org/wiki/Queen_(band)
Queen's first US tour begins,"Queen embarks on its first concert tour of North America, supporting Mott the Hoople.",1974-04-12,ExactDate,Concert,65,Wikipedia,queen-s-first-us-tour-begins-1974-04-12,https://en.wikipedia.org/wiki/Queen_(band)
Freddie Mercury's final concert with Queen,"Queen performs what becomes its last concert with Freddie Mercury, in Knebworth, England.",1986-08-09,ExactDate,Concert,90,Wikipedia,freddie-mercury-s-final-concert-with-queen-1986-08-09,https://en.wikipedia.org/wiki/Knebworth_Festival
Freddie Mercury reveals AIDS diagnosis publicly,"Freddie Mercury issues a statement confirming he has AIDS, one day before his death.",1991-11-23,ExactDate,Other,90,Wikipedia,freddie-mercury-reveals-aids-diagnosis-publicly-1991-11-23,https://en.wikipedia.org/wiki/Freddie_Mercury
Freddie Mercury dies,"Freddie Mercury dies at his home in Kensington, London, from bronchopneumonia related to AIDS.",1991-11-24,ExactDate,Other,100,Wikipedia,freddie-mercury-dies-1991-11-24,https://en.wikipedia.org/wiki/Freddie_Mercury
Freddie Mercury's funeral,"A private funeral service for Freddie Mercury, conducted according to Zoroastrian rites, is held in London.",1991-11-27,ExactDate,Other,75,Wikipedia,freddie-mercury-s-funeral-1991-11-27,https://en.wikipedia.org/wiki/Freddie_Mercury
John Deacon retires from music,John Deacon effectively retires from the music industry following the Party at the Palace performance.,1997,YearOnly,SiteHistory,55,Wikipedia,john-deacon-retires-from-music-1997,https://en.wikipedia.org/wiki/John_Deacon
Queen + Paul Rodgers announced,Brian May and Roger Taylor announce a touring collaboration with vocalist Paul Rodgers.,2004-09,MonthYear,SiteHistory,55,Wikipedia,queen-paul-rodgers-announced-2004-09,https://en.wikipedia.org/wiki/Queen_%2B_Paul_Rodgers
Queen + Adam Lambert first perform together,"Brian May and Roger Taylor perform with Adam Lambert for the first time, on the televised talent show American Idol.",2009-05-24,ExactDate,TVRadio,70,Wikipedia,queen-adam-lambert-first-perform-together-2009-05-24,https://en.wikipedia.org/wiki/Queen_%2B_Adam_Lambert
Queen + Adam Lambert tour announced,Queen and Adam Lambert announce an ongoing touring partnership.,2011-08,MonthYear,SiteHistory,60,Wikipedia,queen-adam-lambert-tour-announced-2011-08,https://en.wikipedia.org/wiki/Queen_%2B_Adam_Lambert
Bohemian Rhapsody biopic released,The Freddie Mercury/Queen biographical film Bohemian Rhapsody premieres in cinemas.,2018-10-24,ExactDate,Other,80,Wikipedia,bohemian-rhapsody-biopic-released-2018-10-24,https://en.wikipedia.org/wiki/Bohemian_Rhapsody_(film)
Queen released,Queen releases the album Queen. Debut studio album.,1973-07-13,ExactDate,Release,85,Wikipedia,queen-released-1973-07-13,https://en.wikipedia.org/wiki/Queen
Queen II released,"Queen releases the album Queen II. Second studio album, featuring 'Seven Seas of Rhye'.",1974-03-08,ExactDate,Release,82,Wikipedia,queen-ii-released-1974-03-08,https://en.wikipedia.org/wiki/Queen_II
Sheer Heart Attack released,"Queen releases the album Sheer Heart Attack. Third studio album, the band's commercial breakthrough.",1974-11-08,ExactDate,Release,85,Wikipedia,sheer-heart-attack-released-1974-11-08,https://en.wikipedia.org/wiki/Sheer_Heart_Attack
A Night at the Opera released,"Queen releases the album A Night at the Opera. Fourth studio album, featuring 'Bohemian Rhapsody'.",1975-11-21,ExactDate,Release,95,Wikipedia,a-night-at-the-opera-released-1975-11-21,https://en.wikipedia.org/wiki/A_Night_at_the_Opera
A Day at the Races released,"Queen releases the album A Day at the Races. Fifth studio album, featuring 'Somebody to Love'.",1976-12-10,ExactDate,Release,85,Wikipedia,a-day-at-the-races-released-1976-12-10,https://en.wikipedia.org/wiki/A_Day_at_the_Races
News of the World released,"Queen releases the album News of the World. Sixth studio album, featuring 'We Will Rock You' and 'We Are the Champions'.",1977-10-28,ExactDate,Release,92,Wikipedia,news-of-the-world-released-1977-10-28,https://en.wikipedia.org/wiki/News_of_the_World
Jazz released,"Queen releases the album Jazz. Seventh studio album, featuring 'Bicycle Race' and 'Fat Bottomed Girls'.",1978-11-10,ExactDate,Release,80,Wikipedia,jazz-released-1978-11-10,https://en.wikipedia.org/wiki/Jazz
Live Killers released,Queen releases the album Live Killers. First official live album.,1979-06-22,ExactDate,Release,65,Wikipedia,live-killers-released-1979-06-22,https://en.wikipedia.org/wiki/Live_Killers
The Game released,"Queen releases the album The Game. Eighth studio album, the band's first US number-one album.",1980-06-30,ExactDate,Release,90,Wikipedia,the-game-released-1980-06-30,https://en.wikipedia.org/wiki/The_Game
Flash Gordon released,Queen releases the album Flash Gordon. Soundtrack album for the film Flash Gordon.,1980-12-08,ExactDate,Release,60,Wikipedia,flash-gordon-released-1980-12-08,https://en.wikipedia.org/wiki/Flash_Gordon
Hot Space released,"Queen releases the album Hot Space. Ninth studio album, exploring funk and dance influences.",1982-05-21,ExactDate,Release,75,Wikipedia,hot-space-released-1982-05-21,https://en.wikipedia.org/wiki/Hot_Space
Greatest Hits released,"Queen releases the album Greatest Hits. First greatest hits compilation, later the UK's best-selling album.",1981-10-26,ExactDate,Release,90,Wikipedia,greatest-hits-released-1981-10-26,https://en.wikipedia.org/wiki/Greatest_Hits
The Works released,"Queen releases the album The Works. Tenth studio album, featuring 'Radio Ga Ga'.",1984-02-27,ExactDate,Release,85,Wikipedia,the-works-released-1984-02-27,https://en.wikipedia.org/wiki/The_Works
A Kind of Magic released,"Queen releases the album A Kind of Magic. Eleventh studio album, linked to the film Highlander.",1986-06-02,ExactDate,Release,82,Wikipedia,a-kind-of-magic-released-1986-06-02,https://en.wikipedia.org/wiki/A_Kind_of_Magic
Live Magic released,Queen releases the album Live Magic. Live album compiled from the Magic Tour.,1986-11-01,ExactDate,Release,55,Wikipedia,live-magic-released-1986-11-01,https://en.wikipedia.org/wiki/Live_Magic
The Miracle released,Queen releases the album The Miracle. Twelfth studio album.,1989-06-03,ExactDate,Release,78,Wikipedia,the-miracle-released-1989-06-03,https://en.wikipedia.org/wiki/The_Miracle
Innuendo released,"Queen releases the album Innuendo. Thirteenth studio album, the last released in Freddie Mercury's lifetime.",1991-02-04,ExactDate,Release,85,Wikipedia,innuendo-released-1991-02-04,https://en.wikipedia.org/wiki/Innuendo
Greatest Hits II released,Queen releases the album Greatest Hits II. Second greatest hits compilation.,1991-10-28,ExactDate,Release,80,Wikipedia,greatest-hits-ii-released-1991-10-28,https://en.wikipedia.org/wiki/Greatest_Hits_II
Made in Heaven released,"Queen releases the album Made in Heaven. Final studio album, completed after Freddie Mercury's death.",1995-11-06,ExactDate,Release,88,Wikipedia,made-in-heaven-released-1995-11-06,https://en.wikipedia.org/wiki/Made_in_Heaven
Greatest Hits III released,Queen releases the album Greatest Hits III. Third greatest hits compilation.,1999-11-08,ExactDate,Release,65,Wikipedia,greatest-hits-iii-released-1999-11-08,https://en.wikipedia.org/wiki/Greatest_Hits_III
Queen Rock Montreal released,Queen releases the album Queen Rock Montreal. Live album/film recorded at the 1981 Montreal shows.,2007-10-29,ExactDate,Release,55,Wikipedia,queen-rock-montreal-released-2007-10-29,https://en.wikipedia.org/wiki/Queen_Rock_Montreal
'Keep Yourself Alive' released,Queen releases the single 'Keep Yourself Alive'. Debut single.,1973-07-06,ExactDate,Release,55,Wikipedia,keep-yourself-alive-released-1973-07-06,https://en.wikipedia.org/wiki/List_of_songs_recorded_by_Queen
'Seven Seas of Rhye' released,"Queen releases the single 'Seven Seas of Rhye'. First UK top-ten hit, reaching number 10.",1974-02-23,ExactDate,Release,60,Wikipedia,seven-seas-of-rhye-released-1974-02-23,https://en.wikipedia.org/wiki/List_of_songs_recorded_by_Queen
'Killer Queen' released,Queen releases the single 'Killer Queen'. First major international hit single.,1974-10-11,ExactDate,Release,70,Wikipedia,killer-queen-released-1974-10-11,https://en.wikipedia.org/wiki/List_of_songs_recorded_by_Queen
'Now I'm Here' released,Queen releases the single 'Now I'm Here'.,1975-01-17,ExactDate,Release,50,Wikipedia,now-i-m-here-released-1975-01-17,https://en.wikipedia.org/wiki/List_of_songs_recorded_by_Queen
'Bohemian Rhapsody' released,"Queen releases the single 'Bohemian Rhapsody'. Landmark single combining rock, opera and ballad styles.",1975-10-31,ExactDate,Release,100,Wikipedia,bohemian-rhapsody-released-1975-10-31,https://en.wikipedia.org/wiki/List_of_songs_recorded_by_Queen
'You're My Best Friend' released,Queen releases the single 'You're My Best Friend'.,1976-05-18,ExactDate,Release,60,Wikipedia,you-re-my-best-friend-released-1976-05-18,https://en.wikipedia.org/wiki/List_of_songs_recorded_by_Queen
'Somebody to Love' released,Queen releases the single 'Somebody to Love'.,1976-11-12,ExactDate,Release,75,Wikipedia,somebody-to-love-released-1976-11-12,https://en.wikipedia.org/wiki/List_of_songs_recorded_by_Queen
'Tie Your Mother Down' released,Queen releases the single 'Tie Your Mother Down'.,1977-03-04,ExactDate,Release,50,Wikipedia,tie-your-mother-down-released-1977-03-04,https://en.wikipedia.org/wiki/List_of_songs_recorded_by_Queen
'Good Old-Fashioned Lover Boy' released,Queen releases the single 'Good Old-Fashioned Lover Boy'.,1977-05-20,ExactDate,Release,45,Wikipedia,good-old-fashioned-lover-boy-released-1977-05-20,https://en.wikipedia.org/wiki/List_of_songs_recorded_by_Queen
'We Are the Champions / We Will Rock You' released,Queen releases the single 'We Are the Champions / We Will Rock You'. Double A-side stadium anthem single.,1977-10-07,ExactDate,Release,90,Wikipedia,we-are-the-champions-we-will-rock-you-released-1977-10-07,https://en.wikipedia.org/wiki/List_of_songs_recorded_by_Queen
'Spread Your Wings' released,Queen releases the single 'Spread Your Wings'.,1978-02-10,ExactDate,Release,45,Wikipedia,spread-your-wings-released-1978-02-10,https://en.wikipedia.org/wiki/List_of_songs_recorded_by_Queen
'Mustapha' released,Queen releases the single 'Mustapha'.,1978-08,MonthYear,Release,40,Wikipedia,mustapha-released-1978-08,https://en.wikipedia.org/wiki/List_of_songs_recorded_by_Queen
'Bicycle Race / Fat Bottomed Girls' released,Queen releases the single 'Bicycle Race / Fat Bottomed Girls'.,1978-10-13,ExactDate,Release,60,Wikipedia,bicycle-race-fat-bottomed-girls-released-1978-10-13,https://en.wikipedia.org/wiki/List_of_songs_recorded_by_Queen
'Don't Stop Me Now' released,Queen releases the single 'Don't Stop Me Now'.,1979-01-26,ExactDate,Release,65,Wikipedia,don-t-stop-me-now-released-1979-01-26,https://en.wikipedia.org/wiki/List_of_songs_recorded_by_Queen
'Love of My Life (live)' released,Queen releases the single 'Love of My Life (live)'.,1979-06-15,ExactDate,Release,45,Wikipedia,love-of-my-life-live-released-1979-06-15,https://en.wikipedia.org/wiki/List_of_songs_recorded_by_Queen
'Crazy Little Thing Called Love' released,"Queen releases the single 'Crazy Little Thing Called Love'. Rockabilly-styled single, a US number-one hit.",1979-10-12,ExactDate,Release,80,Wikipedia,crazy-little-thing-called-love-released-1979-10-12,https://en.wikipedia.org/wiki/List_of_songs_recorded_by_Queen
'Save Me' released,Queen releases the single 'Save Me'.,1980-01-25,ExactDate,Release,45,Wikipedia,save-me-released-1980-01-25,https://en.wikipedia.org/wiki/List_of_songs_recorded_by_Queen
'Play the Game' released,Queen releases the single 'Play the Game'.,1980-05-30,ExactDate,Release,50,Wikipedia,play-the-game-released-1980-05-30,https://en.wikipedia.org/wiki/List_of_songs_recorded_by_Queen
'Another One Bites the Dust' released,Queen releases the single 'Another One Bites the Dust'. US number-one single with a driving bass riff by John Deacon.,1980-08-22,ExactDate,Release,88,Wikipedia,another-one-bites-the-dust-released-1980-08-22,https://en.wikipedia.org/wiki/List_of_songs_recorded_by_Queen
'Need Your Loving Tonight' released,Queen releases the single 'Need Your Loving Tonight'.,1980-10,MonthYear,Release,35,Wikipedia,need-your-loving-tonight-released-1980-10,https://en.wikipedia.org/wiki/List_of_songs_recorded_by_Queen
'Flash' released,Queen releases the single 'Flash'. Theme single from the film Flash Gordon.,1980-11-24,ExactDate,Release,45,Wikipedia,flash-released-1980-11-24,https://en.wikipedia.org/wiki/List_of_songs_recorded_by_Queen
'Under Pressure' released,Queen releases the single 'Under Pressure'. Collaboration single with David Bowie.,1981-10-26,ExactDate,Release,80,Wikipedia,under-pressure-released-1981-10-26,https://en.wikipedia.org/wiki/List_of_songs_recorded_by_Queen
'Body Language' released,Queen releases the single 'Body Language'.,1982-04-30,ExactDate,Release,40,Wikipedia,body-language-released-1982-04-30,https://en.wikipedia.org/wiki/List_of_songs_recorded_by_Queen
'Calling All Girls' released,Queen releases the single 'Calling All Girls'.,1982-07,MonthYear,Release,30,Wikipedia,calling-all-girls-released-1982-07,https://en.wikipedia.org/wiki/List_of_songs_recorded_by_Queen
'Las Palabras de Amor' released,Queen releases the single 'Las Palabras de Amor'.,1982-09,MonthYear,Release,30,Wikipedia,las-palabras-de-amor-released-1982-09,https://en.wikipedia.org/wiki/List_of_songs_recorded_by_Queen
'Radio Ga Ga' released,Queen releases the single 'Radio Ga Ga'.,1984-01-23,ExactDate,Release,78,Wikipedia,radio-ga-ga-released-1984-01-23,https://en.wikipedia.org/wiki/List_of_songs_recorded_by_Queen
'I Want to Break Free' released,Queen releases the single 'I Want to Break Free'. Single accompanied by a notable cross-dressing music video.,1984-04-02,ExactDate,Release,80,Wikipedia,i-want-to-break-free-released-1984-04-02,https://en.wikipedia.org/wiki/List_of_songs_recorded_by_Queen
'It's a Hard Life' released,Queen releases the single 'It's a Hard Life'.,1984-07-02,ExactDate,Release,45,Wikipedia,it-s-a-hard-life-released-1984-07-02,https://en.wikipedia.org/wiki/List_of_songs_recorded_by_Queen
'Hammer to Fall' released,Queen releases the single 'Hammer to Fall'.,1984-09-10,ExactDate,Release,55,Wikipedia,hammer-to-fall-released-1984-09-10,https://en.wikipedia.org/wiki/List_of_songs_recorded_by_Queen
'Thank God It's Christmas' released,Queen releases the single 'Thank God It's Christmas'.,1984-11-26,ExactDate,Release,35,Wikipedia,thank-god-it-s-christmas-released-1984-11-26,https://en.wikipedia.org/wiki/List_of_songs_recorded_by_Queen
'One Vision' released,Queen releases the single 'One Vision'.,1985-11-04,ExactDate,Release,55,Wikipedia,one-vision-released-1985-11-04,https://en.wikipedia.org/wiki/List_of_songs_recorded_by_Queen
'A Kind of Magic' released,Queen releases the single 'A Kind of Magic'.,1986-03-17,ExactDate,Release,60,Wikipedia,a-kind-of-magic-released-1986-03-17,https://en.wikipedia.org/wiki/List_of_songs_recorded_by_Queen
'Friends Will Be Friends' released,Queen releases the single 'Friends Will Be Friends'.,1986-06-09,ExactDate,Release,45,Wikipedia,friends-will-be-friends-released-1986-06-09,https://en.wikipedia.org/wiki/List_of_songs_recorded_by_Queen
'Who Wants to Live Forever' released,Queen releases the single 'Who Wants to Live Forever'.,1986-09-15,ExactDate,Release,55,Wikipedia,who-wants-to-live-forever-released-1986-09-15,https://en.wikipedia.org/wiki/List_of_songs_recorded_by_Queen
'One Year of Love' released,Queen releases the single 'One Year of Love'.,1986-11,MonthYear,Release,30,Wikipedia,one-year-of-love-released-1986-11,https://en.wikipedia.org/wiki/List_of_songs_recorded_by_Queen
'I Want It All' released,Queen releases the single 'I Want It All'.,1989-05-02,ExactDate,Release,55,Wikipedia,i-want-it-all-released-1989-05-02,https://en.wikipedia.org/wiki/List_of_songs_recorded_by_Queen
'Breakthru' released,Queen releases the single 'Breakthru'.,1989-06-19,ExactDate,Release,45,Wikipedia,breakthru-released-1989-06-19,https://en.wikipedia.org/wiki/List_of_songs_recorded_by_Queen
'The Invisible Man' released,Queen releases the single 'The Invisible Man'.,1989-09-04,ExactDate,Release,35,Wikipedia,the-invisible-man-released-1989-09-04,https://en.wikipedia.org/wiki/List_of_songs_recorded_by_Queen
'Scandal' released,Queen releases the single 'Scandal'.,1989-10-30,ExactDate,Release,30,Wikipedia,scandal-released-1989-10-30,https://en.wikipedia.org/wiki/List_of_songs_recorded_by_Queen
'The Miracle' released,Queen releases the single 'The Miracle'.,1989-11-27,ExactDate,Release,40,Wikipedia,the-miracle-released-1989-11-27,https://en.wikipedia.org/wiki/List_of_songs_recorded_by_Queen
'Innuendo' released,Queen releases the single 'Innuendo'. UK number-one single.,1991-01-14,ExactDate,Release,65,Wikipedia,innuendo-released-1991-01-14,https://en.wikipedia.org/wiki/List_of_songs_recorded_by_Queen
'I'm Going Slightly Mad' released,Queen releases the single 'I'm Going Slightly Mad'.,1991-03-04,ExactDate,Release,40,Wikipedia,i-m-going-slightly-mad-released-1991-03-04,https://en.wikipedia.org/wiki/List_of_songs_recorded_by_Queen
'Headlong' released,Queen releases the single 'Headlong'.,1991-05-06,ExactDate,Release,40,Wikipedia,headlong-released-1991-05-06,https://en.wikipedia.org/wiki/List_of_songs_recorded_by_Queen
'The Show Must Go On' released,Queen releases the single 'The Show Must Go On'.,1991-09-14,ExactDate,Release,70,Wikipedia,the-show-must-go-on-released-1991-09-14,https://en.wikipedia.org/wiki/List_of_songs_recorded_by_Queen
'Bohemian Rhapsody / These Are the Days of Our Lives' released,Queen releases the single 'Bohemian Rhapsody / These Are the Days of Our Lives'. Re-released as a double A-side following Freddie Mercury's death.,1991-12-09,ExactDate,Release,90,Wikipedia,bohemian-rhapsody-these-are-the-days-of-our-lives-released-1991-12-09,https://en.wikipedia.org/wiki/List_of_songs_recorded_by_Queen
'Heaven for Everyone' released,Queen releases the single 'Heaven for Everyone'.,1995-11-13,ExactDate,Release,40,Wikipedia,heaven-for-everyone-released-1995-11-13,https://en.wikipedia.org/wiki/List_of_songs_recorded_by_Queen
'Too Much Love Will Kill You' released,Queen releases the single 'Too Much Love Will Kill You'.,1996-05-27,ExactDate,Release,40,Wikipedia,too-much-love-will-kill-you-released-1996-05-27,https://en.wikipedia.org/wiki/List_of_songs_recorded_by_Queen
'You Don't Fool Me' released,Queen releases the single 'You Don't Fool Me'.,1996-11-04,ExactDate,Release,30,Wikipedia,you-don-t-fool-me-released-1996-11-04,https://en.wikipedia.org/wiki/List_of_songs_recorded_by_Queen
'Let Me Live' released,Queen releases the single 'Let Me Live'.,1996-01-08,ExactDate,Release,30,Wikipedia,let-me-live-released-1996-01-08,https://en.wikipedia.org/wiki/List_of_songs_recorded_by_Queen
'No One but You (Only the Good Die Young)' released,Queen releases the single 'No One but You (Only the Good Die Young)'.,1997-10-13,ExactDate,Release,40,Wikipedia,no-one-but-you-only-the-good-die-young-released-1997-10-13,https://en.wikipedia.org/wiki/List_of_songs_recorded_by_Queen
'Under Pressure (2011 remaster reissue)' released,Queen releases the single 'Under Pressure (2011 remaster reissue)'.,2011-09-12,ExactDate,Release,20,Wikipedia,under-pressure-2011-remaster-reissue-released-2011-09-12,https://en.wikipedia.org/wiki/List_of_songs_recorded_by_Queen
'You Are the Champions (charity remix)' released,Queen releases the single 'You Are the Champions (charity remix)'. Charity re-recording released to support COVID-19 relief efforts.,2020-04-24,ExactDate,Release,25,Wikipedia,you-are-the-champions-charity-remix-released-2020-04-24,https://en.wikipedia.org/wiki/List_of_songs_recorded_by_Queen
Bohemian Rhapsody hits UK number one (1975),"'Bohemian Rhapsody' reaches number one on the UK Singles Chart, where it remains for nine weeks.",1975-11-29,ExactDate,Other,95,Wikipedia,bohemian-rhapsody-hits-uk-number-one-1975-1975-11-29,https://en.wikipedia.org/wiki/Bohemian_Rhapsody
Bohemian Rhapsody returns to UK number one (1991),"Following Freddie Mercury's death, the re-released 'Bohemian Rhapsody' returns to number one on the UK Singles Chart.",1991-12-21,ExactDate,Other,95,Wikipedia,bohemian-rhapsody-returns-to-uk-number-one-1991-1991-12-21,https://en.wikipedia.org/wiki/Bohemian_Rhapsody
Another One Bites the Dust hits US number one,'Another One Bites the Dust' reaches number one on the Billboard Hot 100.,1980-10-04,ExactDate,Other,75,Wikipedia,another-one-bites-the-dust-hits-us-number-one-1980-10-04,https://en.wikipedia.org/wiki/Another_One_Bites_the_Dust
Crazy Little Thing Called Love hits US number one,'Crazy Little Thing Called Love' reaches number one on the Billboard Hot 100.,1980-03-01,ExactDate,Other,70,Wikipedia,crazy-little-thing-called-love-hits-us-number-one-1980-03-01,https://en.wikipedia.org/wiki/Crazy_Little_Thing_Called_Love
Under Pressure hits UK number one,"'Under Pressure', Queen's collaboration with David Bowie, reaches number one on the UK Singles Chart.",1981-11-14,ExactDate,Other,70,Wikipedia,under-pressure-hits-uk-number-one-1981-11-14,https://en.wikipedia.org/wiki/Under_Pressure_(song)
Innuendo hits UK number one,The title track and album 'Innuendo' both reach number one in the UK.,1991-02-16,ExactDate,Other,60,Wikipedia,innuendo-hits-uk-number-one-1991-02-16,https://en.wikipedia.org/wiki/Innuendo_(song)
Bohemian Rhapsody becomes most-streamed 20th-century song,'Bohemian Rhapsody' is certified by YouTube/streaming platforms as the most-streamed song from the 20th century.,2018-12,MonthYear,Other,70,Wikipedia,bohemian-rhapsody-becomes-most-streamed-20th-century-song-2018-12,https://en.wikipedia.org/wiki/Bohemian_Rhapsody
Bohemian Rhapsody surpasses one billion YouTube views,The official music video for 'Bohemian Rhapsody' becomes the first pre-1990s video to surpass one billion YouTube views.,2019-07-23,ExactDate,Other,70,Wikipedia,bohemian-rhapsody-surpasses-one-billion-youtube-views-2019-07-23,https://en.wikipedia.org/wiki/Bohemian_Rhapsody
Greatest Hits becomes UK's best-selling album,Queen's Greatest Hits is certified as the best-selling album in UK chart history.,2019-01,MonthYear,Other,65,Wikipedia,greatest-hits-becomes-uk-s-best-selling-album-2019-01,https://en.wikipedia.org/wiki/Greatest_Hits_(Queen_album)
Queen's first Japanese show,"Tokyo, first date of the band's inaugural Japanese tour.",1975-04-19,ExactDate,Concert,55,Wikipedia,queen-s-first-japanese-show-1975-04-19,https://en.wikipedia.org/wiki/Queen_(band)
Queen at Hyde Park (free concert),Free open-air concert in London's Hyde Park drawing a record crowd.,1976-09-18,ExactDate,Concert,70,Wikipedia,queen-at-hyde-park-free-concert-1976-09-18,https://en.wikipedia.org/wiki/Queen_(band)
Queen's Rainbow Theatre 'A Night at the Opera' shows,London concerts filmed for later release.,1975-12-17,ExactDate,Concert,45,Wikipedia,queen-s-rainbow-theatre-a-night-at-the-opera-shows-1975-12-17,https://en.wikipedia.org/wiki/Queen_(band)
Queen at Madison Square Garden,New York concert on the A Day at the Races tour.,1977-02-18,ExactDate,Concert,45,Wikipedia,queen-at-madison-square-garden-1977-02-18,https://en.wikipedia.org/wiki/Queen_(band)
"Queen at the Summit, Houston (filmed)",Concert later released on video.,1977-12-11,ExactDate,Concert,40,Wikipedia,queen-at-the-summit-houston-filmed-1977-12-11,https://en.wikipedia.org/wiki/Queen_(band)
Queen's News of the World tour opens,Queen performs live at this show.,1977-11-11,ExactDate,Concert,40,Wikipedia,queen-s-news-of-the-world-tour-opens-1977-11-11,https://en.wikipedia.org/wiki/Queen_(band)
Queen tours South America (first Western rock band),"Queen becomes one of the first major rock acts to tour South America, opening in Buenos Aires.",1981-02-28,ExactDate,Concert,65,Wikipedia,queen-tours-south-america-first-western-rock-band-1981-02-28,https://en.wikipedia.org/wiki/Queen_(band)
"Queen at Estadio Morumbi, Sao Paulo",One of the largest paying concert audiences to that point.,1981-03-20,ExactDate,Concert,45,Wikipedia,queen-at-estadio-morumbi-sao-paulo-1981-03-20,https://en.wikipedia.org/wiki/Queen_(band)
Queen at Milton Keynes Bowl,Hot Space tour date in England.,1982-06-05,ExactDate,Concert,45,Wikipedia,queen-at-milton-keynes-bowl-1982-06-05,https://en.wikipedia.org/wiki/Queen_(band)
Queen performs in Budapest,"One of the first major Western rock concerts held behind the Iron Curtain, at Nepstadion.",1986-07-27,ExactDate,Concert,65,Wikipedia,queen-performs-in-budapest-1986-07-27,https://en.wikipedia.org/wiki/Queen_(band)
Queen at Wembley Stadium (Magic Tour),First of two sold-out Wembley Stadium shows on the Magic Tour.,1986-07-11,ExactDate,Concert,70,Wikipedia,queen-at-wembley-stadium-magic-tour-1986-07-11,https://en.wikipedia.org/wiki/Queen_(band)
Queen's Live Aid performance,Queen's 21-minute Wembley Stadium set at Live Aid is widely regarded as one of the greatest live performances in rock history.,1985-07-13,ExactDate,Concert,100,Wikipedia,queen-s-live-aid-performance-1985-07-13,https://en.wikipedia.org/wiki/Queen_(band)
Queen at Rock in Rio (night 1),Queen performs live at this show.,1985-01-11,ExactDate,Concert,55,Wikipedia,queen-at-rock-in-rio-night-1-1985-01-11,https://en.wikipedia.org/wiki/Queen_(band)
Queen at Rock in Rio (night 2),Queen performs live at this show.,1985-01-18,ExactDate,Concert,45,Wikipedia,queen-at-rock-in-rio-night-2-1985-01-18,https://en.wikipedia.org/wiki/Queen_(band)
The Freddie Mercury Tribute Concert,All-star tribute concert at Wembley Stadium raising AIDS awareness.,1992-04-20,ExactDate,Concert,90,Wikipedia,the-freddie-mercury-tribute-concert-1992-04-20,https://en.wikipedia.org/wiki/Queen_(band)
Queen + Paul Rodgers at 46664 concert,Cape Town AIDS-awareness benefit concert.,2005-11-27,ExactDate,Concert,40,Wikipedia,queen-paul-rodgers-at-46664-concert-2005-11-27,https://en.wikipedia.org/wiki/Queen_(band)
Queen + Adam Lambert at Fire Fight Australia,Bushfire relief benefit concert in Sydney.,2020-02-16,ExactDate,Concert,45,Wikipedia,queen-adam-lambert-at-fire-fight-australia-2020-02-16,https://en.wikipedia.org/wiki/Queen_(band)
Queen's first US concert,"Denver, opening night of the band's first North American tour.",1974-04-16,ExactDate,Concert,50,Wikipedia,queen-s-first-us-concert-1974-04-16,https://en.wikipedia.org/wiki/Queen_(band)
Queen at the Rainbow Theatre (Sheer Heart Attack tour),Queen performs live at this show.,1974-11-20,ExactDate,Concert,35,Wikipedia,queen-at-the-rainbow-theatre-sheer-heart-attack-tour-1974-11-20,https://en.wikipedia.org/wiki/Queen_(band)
"Queen headlines the Empire Pool, Wembley",Queen performs live at this show.,1977-06-06,ExactDate,Concert,40,Wikipedia,queen-headlines-the-empire-pool-wembley-1977-06-06,https://en.wikipedia.org/wiki/Queen_(band)
Queen's Magic Tour begins,"Opens in Stockholm, Sweden.",1986-06-07,ExactDate,Concert,55,Wikipedia,queen-s-magic-tour-begins-1986-06-07,https://en.wikipedia.org/wiki/Queen_(band)
Queen's Works Tour opens,Brussels.,1984-08-24,ExactDate,Concert,45,Wikipedia,queen-s-works-tour-opens-1984-08-24,https://en.wikipedia.org/wiki/Queen_(band)
"Queen at Sun City, South Africa",Controversial shows during the cultural boycott era.,1984-10-05,ExactDate,Concert,40,Wikipedia,queen-at-sun-city-south-africa-1984-10-05,https://en.wikipedia.org/wiki/Queen_(band)
Queen at the Bologna Estate show,Queen performs live at this show.,1984-09-03,ExactDate,Concert,35,Wikipedia,queen-at-the-bologna-estate-show-1984-09-03,https://en.wikipedia.org/wiki/Queen_(band)
"Queen at Ibrox Park, Glasgow",Queen performs live at this show.,1986-08-01,ExactDate,Concert,40,Wikipedia,queen-at-ibrox-park-glasgow-1986-08-01,https://en.wikipedia.org/wiki/Queen_(band)
"Queen at St James' Park, Newcastle",Queen performs live at this show.,1986-07-20,ExactDate,Concert,35,Wikipedia,queen-at-st-james-park-newcastle-1986-07-20,https://en.wikipedia.org/wiki/Queen_(band)
"Queen at the Forum, Los Angeles (Jazz tour)",Queen performs live at this show.,1978-11-29,ExactDate,Concert,35,Wikipedia,queen-at-the-forum-los-angeles-jazz-tour-1978-11-29,https://en.wikipedia.org/wiki/Queen_(band)
Queen's final full concert tour (Magic Tour) ends,"Knebworth Park, England.",1986-08-09,ExactDate,Concert,70,Wikipedia,queen-s-final-full-concert-tour-magic-tour-ends-1986-08-09,https://en.wikipedia.org/wiki/Queen_(band)
Bohemian Rhapsody recording sessions begin,"Sessions for 'Bohemian Rhapsody' begin at Rockfield Studios, Wales.",1975-08-24,ExactDate,Recording,85,Wikipedia,bohemian-rhapsody-recording-sessions-begin-1975-08-24,https://en.wikipedia.org/wiki/Queen_(band)
Bohemian Rhapsody music video filmed,The band films the promotional video for 'Bohemian Rhapsody' at Elstree Studios.,1975-11-10,ExactDate,Recording,80,Wikipedia,bohemian-rhapsody-music-video-filmed-1975-11-10,https://en.wikipedia.org/wiki/Queen_(band)
Queen begins recording debut album,Sessions for the album Queen begin at Trident Studios and De Lane Lea Studios.,1971-11,MonthYear,Recording,50,Wikipedia,queen-begins-recording-debut-album-1971-11,https://en.wikipedia.org/wiki/Queen_(band)
Bicycle Race recording sessions,Queen records 'Bicycle Race' for the album Jazz.,1978-07,MonthYear,Recording,30,Wikipedia,bicycle-race-recording-sessions-1978-07,https://en.wikipedia.org/wiki/Queen_(band)
Under Pressure recording session with David Bowie,"Queen and David Bowie record 'Under Pressure' in a single overnight session at Mountain Studios, Montreux.",1981-07-29,ExactDate,Recording,65,Wikipedia,under-pressure-recording-session-with-david-bowie-1981-07-29,https://en.wikipedia.org/wiki/Queen_(band)
I Want to Break Free video shoot,"The band films the music video for 'I Want to Break Free', featuring the members in drag.",1984-03,MonthYear,Recording,55,Wikipedia,i-want-to-break-free-video-shoot-1984-03,https://en.wikipedia.org/wiki/Queen_(band)
These Are the Days of Our Lives video filmed,"Filmed in black and white, this becomes Freddie Mercury's final on-camera appearance.",1991-05-30,ExactDate,Recording,60,Wikipedia,these-are-the-days-of-our-lives-video-filmed-1991-05-30,https://en.wikipedia.org/wiki/Queen_(band)
Made in Heaven vocal sessions,"Freddie Mercury records final vocal tracks at Mountain Studios, Montreux, knowing his illness was terminal.",1991-03,MonthYear,Recording,55,Wikipedia,made-in-heaven-vocal-sessions-1991-03,https://en.wikipedia.org/wiki/Queen_(band)
The Show Must Go On vocal take,Freddie Mercury records the vocal for 'The Show Must Go On' in a single session despite failing health.,1991-04,MonthYear,Recording,50,Wikipedia,the-show-must-go-on-vocal-take-1991-04,https://en.wikipedia.org/wiki/Queen_(band)
A Kind of Magic video shoot,The band films the animated/live-action video for 'A Kind of Magic'.,1986-05,MonthYear,Recording,30,Wikipedia,a-kind-of-magic-video-shoot-1986-05,https://en.wikipedia.org/wiki/Queen_(band)
Ivor Novello Award for Bohemian Rhapsody,Songwriters win the Ivor Novello Award for 'Bohemian Rhapsody' as the year's best song.,1976-01,MonthYear,Award,65,Wikipedia,ivor-novello-award-for-bohemian-rhapsody-1976-01,https://en.wikipedia.org/wiki/Queen_(band)
Queen wins Best British Group at first Brit Awards,Queen wins Best British Group at the inaugural Brit Awards.,1977-02,MonthYear,Award,55,Wikipedia,queen-wins-best-british-group-at-first-brit-awards-1977-02,https://en.wikipedia.org/wiki/Queen_(band)
Bohemian Rhapsody named Best British Single at Brit Awards,'Bohemian Rhapsody' is voted Best British Single of the previous 25 years.,1977-02,MonthYear,Award,55,Wikipedia,bohemian-rhapsody-named-best-british-single-at-brit-awards-1977-02,https://en.wikipedia.org/wiki/Queen_(band)
Queen wins American Music Award,Queen receives an American Music Award for Favorite Pop/Rock Video.,1981-01-31,ExactDate,Award,40,Wikipedia,queen-wins-american-music-award-1981-01-31,https://en.wikipedia.org/wiki/Queen_(band)
Freddie Mercury Award for Outstanding Contribution at Brit Awards,Queen receives the Outstanding Contribution to British Music award at the Brit Awards; Freddie Mercury's final public appearance.,1990-02-18,ExactDate,Award,80,Wikipedia,freddie-mercury-award-for-outstanding-contribution-at-brit-awards-1990-02-18,https://en.wikipedia.org/wiki/Queen_(band)
"Bohemian Rhapsody wins Best British Single (again, posthumous)",The re-released 'Bohemian Rhapsody' wins Best British Single at the Brit Awards.,1992-02-11,ExactDate,Award,60,Wikipedia,bohemian-rhapsody-wins-best-british-single-again-posthumous-1992-02-11,https://en.wikipedia.org/wiki/Queen_(band)
Queen inducted into the UK Music Hall of Fame,Queen is inducted into the UK Music Hall of Fame.,2004-11-16,ExactDate,Award,60,Wikipedia,queen-inducted-into-the-uk-music-hall-of-fame-2004-11-16,https://en.wikipedia.org/wiki/Queen_(band)
Queen inducted into Rock and Roll Hall of Fame,Queen is inducted into the Rock and Roll Hall of Fame in New York.,2001-03-19,ExactDate,Award,85,Wikipedia,queen-inducted-into-rock-and-roll-hall-of-fame-2001-03-19,https://en.wikipedia.org/wiki/Queen_(band)
Freddie Mercury statue unveiled in Montreux,"A bronze statue of Freddie Mercury is unveiled on the shore of Lake Geneva in Montreux, Switzerland.",1996-11-25,ExactDate,Award,60,Wikipedia,freddie-mercury-statue-unveiled-in-montreux-1996-11-25,https://en.wikipedia.org/wiki/Queen_(band)
Queen receives Ivor Novello Lifetime Achievement Award,Songwriting body honors Queen's catalogue with a lifetime achievement award.,2005-05-19,ExactDate,Award,55,Wikipedia,queen-receives-ivor-novello-lifetime-achievement-award-2005-05-19,https://en.wikipedia.org/wiki/Queen_(band)
Bohemian Rhapsody (film) wins Best Picture - Drama at Golden Globes,"The Freddie Mercury biopic wins Best Motion Picture, Drama, at the Golden Globe Awards.",2019-01-06,ExactDate,Award,70,Wikipedia,bohemian-rhapsody-film-wins-best-picture-drama-at-golden-globes-2019-01-06,https://en.wikipedia.org/wiki/Queen_(band)
Rami Malek wins Best Actor Oscar for Bohemian Rhapsody,Rami Malek wins the Academy Award for Best Actor for portraying Freddie Mercury.,2019-02-24,ExactDate,Award,70,Wikipedia,rami-malek-wins-best-actor-oscar-for-bohemian-rhapsody-2019-02-24,https://en.wikipedia.org/wiki/Queen_(band)
Bohemian Rhapsody (film) wins Best Film Editing Oscar,The film wins the Academy Award for Best Film Editing.,2019-02-24,ExactDate,Award,55,Wikipedia,bohemian-rhapsody-film-wins-best-film-editing-oscar-2019-02-24,https://en.wikipedia.org/wiki/Queen_(band)
Queen awarded Silver Clef Lifetime Achievement Award,Queen receives the Silver Clef Award recognizing lifetime achievement.,1990-06,MonthYear,Award,40,Wikipedia,queen-awarded-silver-clef-lifetime-achievement-award-1990-06,https://en.wikipedia.org/wiki/Queen_(band)
Bohemian Rhapsody inducted into Grammy Hall of Fame,Recording is inducted into the Grammy Hall of Fame recognizing its historical significance.,2004,YearOnly,Award,45,Wikipedia,bohemian-rhapsody-inducted-into-grammy-hall-of-fame-2004,https://en.wikipedia.org/wiki/Queen_(band)
Queen honoured with a star on Hollywood Walk of Fame,Queen is honoured with a star on the Hollywood Walk of Fame.,2002,YearOnly,Award,45,Wikipedia,queen-honoured-with-a-star-on-hollywood-walk-of-fame-2002,https://en.wikipedia.org/wiki/Queen_(band)
Queen performs Seven Seas of Rhye on Top of the Pops,Queen's breakthrough UK television performance on Top of the Pops.,1974-03-07,ExactDate,TVRadio,45,Wikipedia,queen-performs-seven-seas-of-rhye-on-top-of-the-pops-1974-03-07,https://en.wikipedia.org/wiki/Queen_(band)
Bohemian Rhapsody video premieres on Top of the Pops,"Rather than perform live, Queen supplies its newly filmed promotional video to Top of the Pops, an early example of the format.",1975-11-20,ExactDate,TVRadio,70,Wikipedia,bohemian-rhapsody-video-premieres-on-top-of-the-pops-1975-11-20,https://en.wikipedia.org/wiki/Queen_(band)
Kenny Everett previews Bohemian Rhapsody on radio,"DJ Kenny Everett plays an advance copy of 'Bohemian Rhapsody' repeatedly on his BBC radio show, building anticipation before release.",1975-10-01,ExactDate,TVRadio,55,Wikipedia,kenny-everett-previews-bohemian-rhapsody-on-radio-1975-10-01,https://en.wikipedia.org/wiki/Queen_(band)
Queen appears on Top of the Pops for We Are the Champions,Television performance promoting the News of the World single.,1977-10-13,ExactDate,TVRadio,35,Wikipedia,queen-appears-on-top-of-the-pops-for-we-are-the-champions-1977-10-13,https://en.wikipedia.org/wiki/Queen_(band)
Queen's Rock in Rio broadcast,Performance broadcast to a large South American television audience.,1985-01-11,ExactDate,TVRadio,30,Wikipedia,queen-s-rock-in-rio-broadcast-1985-01-11,https://en.wikipedia.org/wiki/Queen_(band)
Live Aid global broadcast,Queen's performance is broadcast live to an estimated global audience of nearly two billion via television.,1985-07-13,ExactDate,TVRadio,85,Wikipedia,live-aid-global-broadcast-1985-07-13,https://en.wikipedia.org/wiki/Queen_(band)
Freddie Mercury Tribute Concert broadcast worldwide,The tribute concert is broadcast live to over 70 countries.,1992-04-20,ExactDate,TVRadio,65,Wikipedia,freddie-mercury-tribute-concert-broadcast-worldwide-1992-04-20,https://en.wikipedia.org/wiki/Queen_(band)
Queen documentary Days of Our Lives airs on BBC,BBC broadcasts the two-part documentary chronicling the band's history.,2011-05-30,ExactDate,TVRadio,40,Wikipedia,queen-documentary-days-of-our-lives-airs-on-bbc-2011-05-30,https://en.wikipedia.org/wiki/Queen_(band)
Queen perform at the Party at the Palace,Brian May opens the Golden Jubilee concert at Buckingham Palace with a guitar solo of 'God Save the Queen' from the palace roof.,2002-06-03,ExactDate,TVRadio,55,Wikipedia,queen-perform-at-the-party-at-the-palace-2002-06-03,https://en.wikipedia.org/wiki/Queen_(band)
Brian May completes PhD in astrophysics,"Brian May is awarded a PhD in astrophysics from Imperial College London, having paused his studies decades earlier to pursue music.",2007-08,MonthYear,Other,40,Wikipedia,brian-may-completes-phd-in-astrophysics-2007-08,https://en.wikipedia.org/wiki/Queen_(band)
Brian May appointed Chancellor of Liverpool John Moores University,Brian May takes on the ceremonial role of Chancellor.,2008-01,MonthYear,Other,30,Wikipedia,brian-may-appointed-chancellor-of-liverpool-john-moores-university-2008-01,https://en.wikipedia.org/wiki/Queen_(band)
Brian May and Roger Taylor knighted,Brian May and Roger Taylor receive honours recognizing their contributions to music.,2023-06,MonthYear,Other,40,Wikipedia,brian-may-and-roger-taylor-knighted-2023-06,https://en.wikipedia.org/wiki/Queen_(band)
We Will Rock You musical opens in London's West End,The Ben Elton jukebox musical based on Queen's songs premieres at the Dominion Theatre.,2002-05-14,ExactDate,Other,55,Wikipedia,we-will-rock-you-musical-opens-in-london-s-west-end-2002-05-14,https://en.wikipedia.org/wiki/Queen_(band)
Bohemian Rhapsody biopic begins filming,Principal photography begins on the Queen biographical film.,2017-09-05,ExactDate,Other,45,Wikipedia,bohemian-rhapsody-biopic-begins-filming-2017-09-05,https://en.wikipedia.org/wiki/Queen_(band)
Queen II Tour opens,"Opening night of the Queen II Tour, Blackpool, England.",1974-03-01,ExactDate,Concert,30,Wikipedia,queen-ii-tour-opens-1974-03-01,https://en.wikipedia.org/wiki/Queen_(band)
Sheer Heart Attack Tour opens,Opening night of the Sheer Heart Attack UK tour.,1974-10-31,ExactDate,Concert,30,Wikipedia,sheer-heart-attack-tour-opens-1974-10-31,https://en.wikipedia.org/wiki/Queen_(band)
A Night at the Opera Tour opens,Opening night of the A Night at the Opera Tour.,1975-11-14,ExactDate,Concert,35,Wikipedia,a-night-at-the-opera-tour-opens-1975-11-14,https://en.wikipedia.org/wiki/Queen_(band)
A Day at the Races Tour opens,"Opening night of the A Day at the Races Tour, US leg.",1977-01-14,ExactDate,Concert,30,Wikipedia,a-day-at-the-races-tour-opens-1977-01-14,https://en.wikipedia.org/wiki/Queen_(band)
Jazz Tour opens,Opening night of the Jazz Tour.,1978-10-28,ExactDate,Concert,30,Wikipedia,jazz-tour-opens-1978-10-28,https://en.wikipedia.org/wiki/Queen_(band)
Crazy Tour of London,"Short, low-key Crazy Tour through small UK venues.",1979-05-12,ExactDate,Concert,30,Wikipedia,crazy-tour-of-london-1979-05-12,https://en.wikipedia.org/wiki/Queen_(band)
The Game Tour opens,"Opening night of The Game Tour, Rotterdam.",1980-06-30,ExactDate,Concert,35,Wikipedia,the-game-tour-opens-1980-06-30,https://en.wikipedia.org/wiki/Queen_(band)
Queen's first-ever South American tour show,"Buenos Aires, Argentina - opening night of the South American leg.",1981-02-28,ExactDate,Concert,45,Wikipedia,queen-s-first-ever-south-american-tour-show-1981-02-28,https://en.wikipedia.org/wiki/Queen_(band)
"Queen at Estadio Nacional, Santiago",Chile concert on The Game tour's South American leg.,1981-04-05,ExactDate,Concert,35,Wikipedia,queen-at-estadio-nacional-santiago-1981-04-05,https://en.wikipedia.org/wiki/Queen_(band)
Hot Space Tour opens,"Opening night of the Hot Space Tour, Brussels.",1982-04-26,ExactDate,Concert,30,Wikipedia,hot-space-tour-opens-1982-04-26,https://en.wikipedia.org/wiki/Queen_(band)
The Works Tour opens,"Opening night of The Works Tour, Brussels.",1984-08-24,ExactDate,Concert,35,Wikipedia,the-works-tour-opens-1984-08-24,https://en.wikipedia.org/wiki/Queen_(band)
"Queen at Maracana Stadium, Rio de Janeiro",Queen headlines Rock in Rio at the Maracana Stadium.,1985-01-11,ExactDate,Concert,45,Wikipedia,queen-at-maracana-stadium-rio-de-janeiro-1985-01-11,https://en.wikipedia.org/wiki/Queen_(band)
Magic Tour continental European leg opens,"Stockholm, Sweden - opening night of the Magic Tour.",1986-06-07,ExactDate,Concert,35,Wikipedia,magic-tour-continental-european-leg-opens-1986-06-07,https://en.wikipedia.org/wiki/Queen_(band)
"Queen at Slane Castle, Ireland","Magic Tour concert at Slane Castle, County Meath.",1986-07-05,ExactDate,Concert,40,Wikipedia,queen-at-slane-castle-ireland-1986-07-05,https://en.wikipedia.org/wiki/Queen_(band)
"Queen at the NEC, Birmingham",UK arena date on the Magic Tour.,1986-12-01,ExactDate,Concert,25,Wikipedia,queen-at-the-nec-birmingham-1986-12-01,https://en.wikipedia.org/wiki/Queen_(band)
Queen at Munich Olympiahalle (last European tour date),One of the final continental European dates of the Magic Tour.,1986-07-30,ExactDate,Concert,30,Wikipedia,queen-at-munich-olympiahalle-last-european-tour-date-1986-07-30,https://en.wikipedia.org/wiki/Queen_(band)
We Are the Champions certified for chart impact in US,'We Are the Champions' peaks at number four on the Billboard Hot 100.,1978-01-21,ExactDate,Other,45,Wikipedia,we-are-the-champions-certified-for-chart-impact-in-us-1978-01-21,https://en.wikipedia.org/wiki/Queen_(band)
Killer Queen reaches UK number two,'Killer Queen' peaks at number two on the UK Singles Chart.,1974-11-16,ExactDate,Other,45,Wikipedia,killer-queen-reaches-uk-number-two-1974-11-16,https://en.wikipedia.org/wiki/Queen_(band)
Somebody to Love reaches UK number two,'Somebody to Love' peaks at number two on the UK Singles Chart.,1976-12-04,ExactDate,Other,40,Wikipedia,somebody-to-love-reaches-uk-number-two-1976-12-04,https://en.wikipedia.org/wiki/Queen_(band)
Bohemian Rhapsody tops US Billboard Hot 100 (1992 re-release),"Following its use in Wayne's World, 'Bohemian Rhapsody' re-enters and rises on the Billboard Hot 100.",1992-03-14,ExactDate,Other,60,Wikipedia,bohemian-rhapsody-tops-us-billboard-hot-100-1992-re-release-1992-03-14,https://en.wikipedia.org/wiki/Queen_(band)
Fat Bottomed Girls/Bicycle Race reaches UK number 11,Double A-side single peak position on the UK chart.,1978-10-28,ExactDate,Other,30,Wikipedia,fat-bottomed-girls-bicycle-race-reaches-uk-number-11-1978-10-28,https://en.wikipedia.org/wiki/Queen_(band)
Don't Stop Me Now certified as streaming favourite,"'Don't Stop Me Now' surpasses hundreds of millions of streams, becoming one of Queen's most-streamed catalogue tracks.",2019-02,MonthYear,Other,35,Wikipedia,don-t-stop-me-now-certified-as-streaming-favourite-2019-02,https://en.wikipedia.org/wiki/Queen_(band)
Radio Ga Ga peaks at UK number two,'Radio Ga Ga' peaks at number two on the UK Singles Chart.,1984-02-04,ExactDate,Other,35,Wikipedia,radio-ga-ga-peaks-at-uk-number-two-1984-02-04,https://en.wikipedia.org/wiki/Queen_(band)
I Want to Break Free peaks at UK number three,Single peak chart position in the UK.,1984-04-21,ExactDate,Other,30,Wikipedia,i-want-to-break-free-peaks-at-uk-number-three-1984-04-21,https://en.wikipedia.org/wiki/Queen_(band)
Greatest Hits certified multi-platinum in UK,Greatest Hits is certified for exceptionally high UK sales.,1988,YearOnly,Other,40,Wikipedia,greatest-hits-certified-multi-platinum-in-uk-1988,https://en.wikipedia.org/wiki/Queen_(band)
News of the World certified platinum in the US,The album News of the World receives US platinum certification.,1978,YearOnly,Other,35,Wikipedia,news-of-the-world-certified-platinum-in-the-us-1978,https://en.wikipedia.org/wiki/Queen_(band)
Queen wins Ivor Novello for Crazy Little Thing Called Love,Songwriting honour recognizing 'Crazy Little Thing Called Love'.,1980-01,MonthYear,Award,35,Wikipedia,queen-wins-ivor-novello-for-crazy-little-thing-called-love-1980-01,https://en.wikipedia.org/wiki/Queen_(band)
Queen receives Grammy nomination for Bohemian Rhapsody (film soundtrack),The Bohemian Rhapsody soundtrack album is recognized at the Grammy Awards cycle.,2019-02-10,ExactDate,Award,40,Wikipedia,queen-receives-grammy-nomination-for-bohemian-rhapsody-film-soundtrack-2019-02-10,https://en.wikipedia.org/wiki/Queen_(band)
Freddie Mercury inducted individually into Songwriters Hall of Fame consideration,Freddie Mercury's songwriting catalogue receives continued industry recognition.,2003,YearOnly,Award,30,Wikipedia,freddie-mercury-inducted-individually-into-songwriters-hall-of-fame-consideration-2003,https://en.wikipedia.org/wiki/Queen_(band)
Queen wins BRIT Award for Best Live Act (retrospective recognition),"Queen's live legacy, including Live Aid, is honoured at the Brit Awards ceremony.",2005-02-09,ExactDate,Award,35,Wikipedia,queen-wins-brit-award-for-best-live-act-retrospective-recognition-2005-02-09,https://en.wikipedia.org/wiki/Queen_(band)
Bohemian Rhapsody named greatest song of all time by UK poll,A UK television poll votes 'Bohemian Rhapsody' the greatest song of all time.,2002-01,MonthYear,Award,45,Wikipedia,bohemian-rhapsody-named-greatest-song-of-all-time-by-uk-poll-2002-01,https://en.wikipedia.org/wiki/Queen_(band)
Queen's Greatest Hits named best-selling album of all time in UK (Official Charts),The Official Charts Company confirms Greatest Hits as the UK's all-time best-selling album.,2019-01-15,ExactDate,Award,55,Wikipedia,queen-s-greatest-hits-named-best-selling-album-of-all-time-in-uk-official-charts-2019-01-15,https://en.wikipedia.org/wiki/Queen_(band)
We Will Rock You written and demoed,"Brian May writes and demos 'We Will Rock You', built around a foot-stomp rhythm.",1977-08,MonthYear,Recording,40,Wikipedia,we-will-rock-you-written-and-demoed-1977-08,https://en.wikipedia.org/wiki/Queen_(band)
Somebody to Love recording sessions,Queen records the gospel-influenced 'Somebody to Love' with multi-tracked vocal harmonies.,1976-08,MonthYear,Recording,35,Wikipedia,somebody-to-love-recording-sessions-1976-08,https://en.wikipedia.org/wiki/Queen_(band)
Killer Queen recording sessions,"Queen records 'Killer Queen' at Trident Studios, London.",1974-06,MonthYear,Recording,35,Wikipedia,killer-queen-recording-sessions-1974-06,https://en.wikipedia.org/wiki/Queen_(band)
Another One Bites the Dust recording sessions,"John Deacon writes and largely records 'Another One Bites the Dust' at Musicland Studios, Munich.",1980-03,MonthYear,Recording,45,Wikipedia,another-one-bites-the-dust-recording-sessions-1980-03,https://en.wikipedia.org/wiki/Queen_(band)
News of the World cover art created,"Artist Frank Kelly Freas creates the album's robot cover artwork, inspired by a 1953 science-fiction magazine cover.",1977-09,MonthYear,Recording,25,Wikipedia,news-of-the-world-cover-art-created-1977-09,https://en.wikipedia.org/wiki/Queen_(band)
The Show Must Go On video assembled from archive footage,Music video for 'The Show Must Go On' is compiled largely from archival tour footage due to Freddie Mercury's declining health.,1991-09,MonthYear,Recording,35,Wikipedia,the-show-must-go-on-video-assembled-from-archive-footage-1991-09,https://en.wikipedia.org/wiki/Queen_(band)
Queen performs on The Old Grey Whistle Test,Queen appears on the influential BBC music programme.,1974-04,MonthYear,TVRadio,30,Wikipedia,queen-performs-on-the-old-grey-whistle-test-1974-04,https://en.wikipedia.org/wiki/Queen_(band)
Queen's Rio de Janeiro concert broadcast to Brazilian TV,Rock in Rio performance broadcast to a national television audience.,1985-01-19,ExactDate,TVRadio,25,Wikipedia,queen-s-rio-de-janeiro-concert-broadcast-to-brazilian-tv-1985-01-19,https://en.wikipedia.org/wiki/Queen_(band)
A Kind of Magic promo aired heavily on music television,The music video receives heavy rotation on MTV and other music channels.,1986-06,MonthYear,TVRadio,20,Wikipedia,a-kind-of-magic-promo-aired-heavily-on-music-television-1986-06,https://en.wikipedia.org/wiki/Queen_(band)
Freddie Mercury's last interview footage recorded,"Freddie Mercury gives one of his final on-camera interviews, later used in retrospectives.",1991-05,MonthYear,TVRadio,45,Wikipedia,freddie-mercury-s-last-interview-footage-recorded-1991-05,https://en.wikipedia.org/wiki/Queen_(band)
"Queen at the Odeon, Birmingham",Early UK concert date shortly after the debut album's release.,1973-09-02,ExactDate,Concert,25,Wikipedia,queen-at-the-odeon-birmingham-1973-09-02,https://en.wikipedia.org/wiki/Queen_(band)
"Queen supports Mott the Hoople at Uris Theatre, New York",US date on the co-headlining support tour with Mott the Hoople.,1974-05-01,ExactDate,Concert,30,Wikipedia,queen-supports-mott-the-hoople-at-uris-theatre-new-york-1974-05-01,https://en.wikipedia.org/wiki/Queen_(band)
"Queen at the Palais des Sports, Paris",European date on the Jazz Tour.,1979-01-26,ExactDate,Concert,25,Wikipedia,queen-at-the-palais-des-sports-paris-1979-01-26,https://en.wikipedia.org/wiki/Queen_(band)
"Queen at Nippon Budokan, Tokyo",Japanese tour date at the famed Budokan arena.,1976-04-19,ExactDate,Concert,30,Wikipedia,queen-at-nippon-budokan-tokyo-1976-04-19,https://en.wikipedia.org/wiki/Queen_(band)
Queen at the LA Forum (The Game tour),US arena date on The Game Tour.,1980-07-11,ExactDate,Concert,30,Wikipedia,queen-at-the-la-forum-the-game-tour-1980-07-11,https://en.wikipedia.org/wiki/Queen_(band)
Queen at Frankfurt Festhalle,European date on the Jazz Tour.,1979-02-01,ExactDate,Concert,20,Wikipedia,queen-at-frankfurt-festhalle-1979-02-01,https://en.wikipedia.org/wiki/Queen_(band)
"Queen at the Nassau Coliseum, New York",US arena date on the Hot Space Tour.,1982-08-02,ExactDate,Concert,25,Wikipedia,queen-at-the-nassau-coliseum-new-york-1982-08-02,https://en.wikipedia.org/wiki/Queen_(band)
"Queen at Vorst Nationaal, Brussels",Opening night venue of The Works Tour.,1984-08-24,ExactDate,Concert,25,Wikipedia,queen-at-vorst-nationaal-brussels-1984-08-24,https://en.wikipedia.org/wiki/Queen_(band)
"Queen at Wiener Stadthalle, Vienna",European date on The Works Tour.,1984-09-14,ExactDate,Concert,20,Wikipedia,queen-at-wiener-stadthalle-vienna-1984-09-14,https://en.wikipedia.org/wiki/Queen_(band)
"Queen at Bercy, Paris (Magic Tour)",French tour date on the Magic Tour.,1986-06-26,ExactDate,Concert,25,Wikipedia,queen-at-bercy-paris-magic-tour-1986-06-26,https://en.wikipedia.org/wiki/Queen_(band)
"Queen at Maimarkthalle, Mannheim",European tour date on The Works Tour.,1984-11-01,ExactDate,Concert,20,Wikipedia,queen-at-maimarkthalle-mannheim-1984-11-01,https://en.wikipedia.org/wiki/Queen_(band)
"Queen at Ahoy, Rotterdam (The Game Tour opener)","Opening night of The Game Tour, Rotterdam.",1980-06-30,ExactDate,Concert,30,Wikipedia,queen-at-ahoy-rotterdam-the-game-tour-opener-1980-06-30,https://en.wikipedia.org/wiki/Queen_(band)
Queen at Wembley Arena (Works tour UK leg),UK arena date on The Works Tour.,1984-09-01,ExactDate,Concert,25,Wikipedia,queen-at-wembley-arena-works-tour-uk-leg-1984-09-01,https://en.wikipedia.org/wiki/Queen_(band)
"Queen at Leiden, Groenoordhallen",European date on the Jazz Tour.,1979-02-16,ExactDate,Concert,20,Wikipedia,queen-at-leiden-groenoordhallen-1979-02-16,https://en.wikipedia.org/wiki/Queen_(band)
"Queen at Sports Arena, San Diego",US date on the News of the World tour.,1977-12-16,ExactDate,Concert,20,Wikipedia,queen-at-sports-arena-san-diego-1977-12-16,https://en.wikipedia.org/wiki/Queen_(band)
Queen 40th anniversary reissue campaign begins,Universal Music begins reissuing Queen's studio albums with bonus content for the band's fortieth anniversary.,2011-01,MonthYear,Release,30,Wikipedia,queen-40th-anniversary-reissue-campaign-begins-2011-01,https://en.wikipedia.org/wiki/Queen_(band)
Bohemian Rhapsody (The Original Soundtrack) released,Soundtrack album to the Bohemian Rhapsody film is released.,2018-10-19,ExactDate,Release,45,Wikipedia,bohemian-rhapsody-the-original-soundtrack-released-2018-10-19,https://en.wikipedia.org/wiki/Queen_(band)
Live at Wembley '86 released,Live album and video documenting the Magic Tour's Wembley Stadium shows.,1992-06-01,ExactDate,Release,55,Wikipedia,live-at-wembley-86-released-1992-06-01,https://en.wikipedia.org/wiki/Queen_(band)
Queen Rocks compilation released,Compilation focused on the band's harder rock tracks.,1997-11-10,ExactDate,Release,35,Wikipedia,queen-rocks-compilation-released-1997-11-10,https://en.wikipedia.org/wiki/Queen_(band)
Queen on Fire: Live at the Bowl released,Live album from the 1982 Milton Keynes Bowl concert.,2004-10-11,ExactDate,Release,30,Wikipedia,queen-on-fire-live-at-the-bowl-released-2004-10-11,https://en.wikipedia.org/wiki/Queen_(band)
The Platinum Collection released,Three-disc collection combining Greatest Hits I-III.,2000-11-06,ExactDate,Release,30,Wikipedia,the-platinum-collection-released-2000-11-06,https://en.wikipedia.org/wiki/Queen_(band)
Absolute Greatest released,Single-disc greatest hits compilation.,2009-11-16,ExactDate,Release,25,Wikipedia,absolute-greatest-released-2009-11-16,https://en.wikipedia.org/wiki/Queen_(band)
Bohemian Rhapsody: The Original Soundtrack tops UK album chart,The film soundtrack album reaches number one on the UK Albums Chart.,2018-11,MonthYear,Release,40,Wikipedia,bohemian-rhapsody-the-original-soundtrack-tops-uk-album-chart-2018-11,https://en.wikipedia.org/wiki/Queen_(band)
News of the World 40th anniversary reissue released,Expanded reissue marking the album's fortieth anniversary.,2017-11-17,ExactDate,Release,30,Wikipedia,news-of-the-world-40th-anniversary-reissue-released-2017-11-17,https://en.wikipedia.org/wiki/Queen_(band)
A Night at the Opera 40th anniversary picture disc released,Special vinyl reissue for the album's fortieth anniversary.,2015-11-27,ExactDate,Release,25,Wikipedia,a-night-at-the-opera-40th-anniversary-picture-disc-released-2015-11-27,https://en.wikipedia.org/wiki/Queen_(band)
Queen wins Q Award for Merit,Queen receives the Q Award for Merit recognizing its body of work.,1994-11,MonthYear,Award,35,Wikipedia,queen-wins-q-award-for-merit-1994-11,https://en.wikipedia.org/wiki/Queen_(band)
Queen receives video innovation recognition around The Works,Queen's video innovation receives industry recognition around the release of The Works.,1984-09,MonthYear,Award,25,Wikipedia,queen-receives-video-innovation-recognition-around-the-works-1984-09,https://en.wikipedia.org/wiki/Queen_(band)
Freddie Mercury posthumously honoured at MTV Video Music Awards,Freddie Mercury and Queen are honoured at the MTV Video Music Awards following his death.,1992-09-09,ExactDate,Award,40,Wikipedia,freddie-mercury-posthumously-honoured-at-mtv-video-music-awards-1992-09-09,https://en.wikipedia.org/wiki/Queen_(band)
Queen receives Diamond Award at World Music Awards,Queen is recognized for outstanding worldwide album sales.,1990-05,MonthYear,Award,30,Wikipedia,queen-receives-diamond-award-at-world-music-awards-1990-05,https://en.wikipedia.org/wiki/Queen_(band)
Bohemian Rhapsody wins Best Song Lyric industry poll,A UK industry poll names 'Bohemian Rhapsody' as having the nation's favourite lyric.,1999-08,MonthYear,Award,25,Wikipedia,bohemian-rhapsody-wins-best-song-lyric-industry-poll-1999-08,https://en.wikipedia.org/wiki/Queen_(band)
Killer Queen video promo filmed,Promotional film for 'Killer Queen' is produced ahead of the single's release.,1974-10,MonthYear,Recording,25,Wikipedia,killer-queen-video-promo-filmed-1974-10,https://en.wikipedia.org/wiki/Queen_(band)
Flash Gordon score recording sessions,"Queen records the soundtrack score for the film Flash Gordon at The Town House, London.",1980-03,MonthYear,Recording,30,Wikipedia,flash-gordon-score-recording-sessions-1980-03,https://en.wikipedia.org/wiki/Queen_(band)
The Miracle sessions begin,Recording sessions for the album The Miracle begin at Mountain Studios and Townhouse Studios.,1988-01,MonthYear,Recording,35,Wikipedia,the-miracle-sessions-begin-1988-01,https://en.wikipedia.org/wiki/Queen_(band)
Innuendo title track recording sessions,"Queen records the epic title track 'Innuendo' at Metropolis Studios, London.",1990-11,MonthYear,Recording,35,Wikipedia,innuendo-title-track-recording-sessions-1990-11,https://en.wikipedia.org/wiki/Queen_(band)
Made in Heaven sessions completed by remaining members,"Brian May, Roger Taylor and John Deacon complete production on Made in Heaven using Freddie Mercury's final vocal recordings.",1995-06,MonthYear,Recording,45,Wikipedia,made-in-heaven-sessions-completed-by-remaining-members-1995-06,https://en.wikipedia.org/wiki/Queen_(band)
Queen performs on Musikladen (German TV),Early German television performance helping build the band's European audience.,1974-01,MonthYear,TVRadio,25,Wikipedia,queen-performs-on-musikladen-german-tv-1974-01,https://en.wikipedia.org/wiki/Queen_(band)
Queen's Live Aid set voted greatest live performance in poll,A UK industry poll of musicians votes Queen's Live Aid set the greatest live performance in rock history.,2005-11,MonthYear,TVRadio,40,Wikipedia,queen-s-live-aid-set-voted-greatest-live-performance-in-poll-2005-11,https://en.wikipedia.org/wiki/Queen_(band)
Queen: The Legendary 1975 Concert restored footage broadcast,Restored footage of the 1975 Hammersmith Odeon Christmas concert is broadcast and released.,2015-05-11,ExactDate,TVRadio,25,Wikipedia,queen-the-legendary-1975-concert-restored-footage-broadcast-2015-05-11,https://en.wikipedia.org/wiki/Queen_(band)
"Brian Harold May born at Gloucester House Nursing Home, Hampton, Middlesex, to Harold and Ruth May","Brian Harold May born at Gloucester House Nursing Home, Hampton, Middlesex, to Harold and Ruth May.",1947-07-19,ExactDate,Birthday,30,AsItBeganBook,brian-harold-may-born-at-gloucester-house-nursing-home-hampton-middlesex-to-harold-and-ruth-may-1947-07-19,
Brian and his father Harold begin building the Red Special guitar from scratch at home in Feltham,Brian and his father Harold begin building the Red Special guitar from scratch at home in Feltham.,1963-08,MonthYear,SiteHistory,30,AsItBeganBook,brian-and-his-father-harold-begin-building-the-red-special-guitar-from-scratch-at-home-in-feltham-1963-08,
"1984 (Brian's first band) play their first public gig at St Mary's Church Hall, Twickenham","1984 (Brian's first band) play their first public gig at St Mary's Church Hall, Twickenham.",1964-10-28,ExactDate,Concert,30,AsItBeganBook,1984-brian-s-first-band-play-their-first-public-gig-at-st-mary-s-church-hall-twickenham-1964-10-28,
Brian leaves Hampton Grammar School with ten O levels and four A levels,Brian leaves Hampton Grammar School with ten O levels and four A levels.,1965,YearOnly,SiteHistory,30,AsItBeganBook,brian-leaves-hampton-grammar-school-with-ten-o-levels-and-four-a-levels-1965,
Brian enters Imperial College London to study physics and infra-red astronomy,Brian enters Imperial College London to study physics and infra-red astronomy.,1965,YearOnly,SiteHistory,30,AsItBeganBook,brian-enters-imperial-college-london-to-study-physics-and-infra-red-astronomy-1965,
"1984 play an R&B gig at All Saints Church Hall, Campbell Road (flyer reproduced in book)","1984 play an R&B gig at All Saints Church Hall, Campbell Road (flyer reproduced in book).",1966-07-09,ExactDate,Concert,30,AsItBeganBook,1984-play-an-r-b-gig-at-all-saints-church-hall-campbell-road-flyer-reproduced-in-book-1966-07-09,
1984 support Jimi Hendrix at Imperial College - one of the band's most memorable gigs,1984 support Jimi Hendrix at Imperial College - one of the band's most memorable gigs.,1967-05-13,ExactDate,Concert,30,AsItBeganBook,1984-support-jimi-hendrix-at-imperial-college-one-of-the-band-s-most-memorable-gigs-1967-05-13,
"1984 enter and win a talent competition at the Top Rank Club, Croydon","1984 enter and win a talent competition at the Top Rank Club, Croydon.",1967-09,MonthYear,Award,30,AsItBeganBook,1984-enter-and-win-a-talent-competition-at-the-top-rank-club-croydon-1967-09,
"1984 play the all-night 'Christmas On Earth' event at Olympia, on a bill with Jimi Hendrix, Pink Floyd and Traffic,...","1984 play the all-night 'Christmas On Earth' event at Olympia, on a bill with Jimi Hendrix, Pink Floyd and Traffic, finally going on stage at about 5 a.m. on Christmas Eve.",1967-12-23,ExactDate,Concert,30,AsItBeganBook,1984-play-the-all-night-christmas-on-earth-event-at-olympia-on-a-bill-with-jimi-hendrix-pink-floyd-and-traffic-1967-12-23,
"Roger Meddows Taylor born at the West Norfolk and King's Lynn Hospital, King's Lynn, Norfolk, to Winifred and...","Roger Meddows Taylor born at the West Norfolk and King's Lynn Hospital, King's Lynn, Norfolk, to Winifred and Michael Taylor.",1949-07-26,ExactDate,Birthday,30,AsItBeganBook,roger-meddows-taylor-born-at-the-west-norfolk-and-king-s-lynn-hospital-king-s-lynn-norfolk-to-winifred-and-1949-07-26,
"Aged eight, Roger Taylor gets his first ukulele and forms his first band, the Bubblingover Boys","Aged eight, Roger Taylor gets his first ukulele and forms his first band, the Bubblingover Boys.",1957,YearOnly,SiteHistory,30,AsItBeganBook,aged-eight-roger-taylor-gets-his-first-ukulele-and-forms-his-first-band-the-bubblingover-boys-1957,
Roger starts at Truro Cathedral School on a choral scholarship,Roger starts at Truro Cathedral School on a choral scholarship.,1960-05,MonthYear,SiteHistory,30,AsItBeganBook,roger-starts-at-truro-cathedral-school-on-a-choral-scholarship-1960-05,
"Roger's father gives him a bass drum and tom-tom, bought for £12, forming his first proper drum kit","Roger's father gives him a bass drum and tom-tom, bought for £12, forming his first proper drum kit.",1961,YearOnly,SiteHistory,30,AsItBeganBook,roger-s-father-gives-him-a-bass-drum-and-tom-tom-bought-for-12-forming-his-first-proper-drum-kit-1961,
Roger forms the band the Cousin Jacks (briefly renamed the Falcons) in Truro,Roger forms the band the Cousin Jacks (briefly renamed the Falcons) in Truro.,1963,YearOnly,SiteHistory,30,AsItBeganBook,roger-forms-the-band-the-cousin-jacks-briefly-renamed-the-falcons-in-truro-1963,
Roger joins local band Johnny Quale and the Reaction,Roger joins local band Johnny Quale and the Reaction.,1965,YearOnly,SiteHistory,30,AsItBeganBook,roger-joins-local-band-johnny-quale-and-the-reaction-1965,
Johnny Quale and the Reaction place fourth in the Rock and Rhythm Championship in Truro City Hall,Johnny Quale and the Reaction place fourth in the Rock and Rhythm Championship in Truro City Hall.,1965-03-15,ExactDate,SiteHistory,30,AsItBeganBook,johnny-quale-and-the-reaction-place-fourth-in-the-rock-and-rhythm-championship-in-truro-city-hall-1965-03-15,
Singer Johnny Quale leaves the band; Roger takes over lead vocals and the band is renamed simply Reaction,Singer Johnny Quale leaves the band; Roger takes over lead vocals and the band is renamed simply Reaction.,1965-09,MonthYear,SiteHistory,30,AsItBeganBook,singer-johnny-quale-leaves-the-band-roger-takes-over-lead-vocals-and-the-band-is-renamed-simply-reaction-1965-09,
Reaction win the Rock and Rhythm Championship with Roger on lead vocals,Reaction win the Rock and Rhythm Championship with Roger on lead vocals.,1966-03-07,ExactDate,Award,30,AsItBeganBook,reaction-win-the-rock-and-rhythm-championship-with-roger-on-lead-vocals-1966-03-07,
Roger leaves Truro School with seven O levels and three A levels,Roger leaves Truro School with seven O levels and three A levels.,1967,YearOnly,SiteHistory,30,AsItBeganBook,roger-leaves-truro-school-with-seven-o-levels-and-three-a-levels-1967,
Roger begins his dentistry degree at the London Hospital Medical School,Roger begins his dentistry degree at the London Hospital Medical School.,1967-10,MonthYear,SiteHistory,30,AsItBeganBook,roger-begins-his-dentistry-degree-at-the-london-hospital-medical-school-1967-10,
Reaction play a beach marquee dance in Perranporth to celebrate the Ladies Surf Championship finals,Reaction play a beach marquee dance in Perranporth to celebrate the Ladies Surf Championship finals.,1968-07-07,ExactDate,SiteHistory,30,AsItBeganBook,reaction-play-a-beach-marquee-dance-in-perranporth-to-celebrate-the-ladies-surf-championship-finals-1968-07-07,
"Roger answers Brian May's Imperial College noticeboard ad for a drummer; Smile is formed with Brian, Roger and Tim...","Roger answers Brian May's Imperial College noticeboard ad for a drummer; Smile is formed with Brian, Roger and Tim Staffell.",1968,YearOnly,SiteHistory,30,AsItBeganBook,roger-answers-brian-may-s-imperial-college-noticeboard-ad-for-a-drummer-smile-is-formed-with-brian-roger-and-tim-1968,
Brian attends a huge free Pink Floyd and Jethro Tull concert in Hyde Park,Brian attends a huge free Pink Floyd and Jethro Tull concert in Hyde Park.,1968-06,MonthYear,Concert,30,AsItBeganBook,brian-attends-a-huge-free-pink-floyd-and-jethro-tull-concert-in-hyde-park-1968-06,
"Brian collects his BSc certificate at the Royal Albert Hall, presented by the Queen Mother","Brian collects his BSc certificate at the Royal Albert Hall, presented by the Queen Mother.",1968-10-24,ExactDate,SiteHistory,30,AsItBeganBook,brian-collects-his-bsc-certificate-at-the-royal-albert-hall-presented-by-the-queen-mother-1968-10-24,
"Smile play their first public gig, supporting Pink Floyd at Imperial College","Smile play their first public gig, supporting Pink Floyd at Imperial College.",1968-10-26,ExactDate,Concert,30,AsItBeganBook,smile-play-their-first-public-gig-supporting-pink-floyd-at-imperial-college-1968-10-26,
"Roger is awarded the first half of his dental degree, then takes a year off to focus on music","Roger is awarded the first half of his dental degree, then takes a year off to focus on music.",1968-08,MonthYear,SiteHistory,30,AsItBeganBook,roger-is-awarded-the-first-half-of-his-dental-degree-then-takes-a-year-off-to-focus-on-music-1968-08,
Smile support Yes at a clubhouse gig at the Richmond Athletic Club,Smile support Yes at a clubhouse gig at the Richmond Athletic Club.,1969-02,MonthYear,Concert,30,AsItBeganBook,smile-support-yes-at-a-clubhouse-gig-at-the-richmond-athletic-club-1969-02,
"Smile play the Royal Albert Hall on a bill with Free, Joe Cocker, Spooky Tooth and the Bonzo Dog Band, compered by...","Smile play the Royal Albert Hall on a bill with Free, Joe Cocker, Spooky Tooth and the Bonzo Dog Band, compered by John Peel; Tim's guitar lead is too short and nothing comes out on the opening chord.",1969-02-27,ExactDate,SiteHistory,30,AsItBeganBook,smile-play-the-royal-albert-hall-on-a-bill-with-free-joe-cocker-spooky-tooth-and-the-bonzo-dog-band-compered-by-1969-02-27,
Smile play the Revolution Club and meet Mercury Records' Lou Reizner,Smile play the Revolution Club and meet Mercury Records' Lou Reizner.,1969-04-19,ExactDate,Recording,30,AsItBeganBook,smile-play-the-revolution-club-and-meet-mercury-records-lou-reizner-1969-04-19,
Smile sign to Mercury Records,Smile sign to Mercury Records.,1969-05,MonthYear,Recording,30,AsItBeganBook,smile-sign-to-mercury-records-1969-05,
Smile record two tracks at Trident Studios with producer John Anthony,Smile record two tracks at Trident Studios with producer John Anthony.,1969-06,MonthYear,Recording,30,AsItBeganBook,smile-record-two-tracks-at-trident-studios-with-producer-john-anthony-1969-06,
Tim Staffell brings art-college friend Freddie Bulsara to a Smile rehearsal for the first time,Tim Staffell brings art-college friend Freddie Bulsara to a Smile rehearsal for the first time.,1969,YearOnly,SiteHistory,30,AsItBeganBook,tim-staffell-brings-art-college-friend-freddie-bulsara-to-a-smile-rehearsal-for-the-first-time-1969,
Mercury Records releases Smile's single 'Earth' b/w 'Step On Me' in the USA only,Mercury Records releases Smile's single 'Earth' b/w 'Step On Me' in the USA only.,1969-08,MonthYear,Release,30,AsItBeganBook,mercury-records-releases-smile-s-single-earth-b-w-step-on-me-in-the-usa-only-1969-08,
"Smile play a Mercury-arranged showcase gig at the Marquee club, supporting Kippington Lodge (featuring Nick Lowe)","Smile play a Mercury-arranged showcase gig at the Marquee club, supporting Kippington Lodge (featuring Nick Lowe).",1969,YearOnly,Concert,30,AsItBeganBook,smile-play-a-mercury-arranged-showcase-gig-at-the-marquee-club-supporting-kippington-lodge-featuring-nick-lowe-1969,
"Tim Staffell leaves Brian and Roger, ending Smile","Tim Staffell leaves Brian and Roger, ending Smile.",1970,YearOnly,SiteHistory,30,AsItBeganBook,tim-staffell-leaves-brian-and-roger-ending-smile-1970,
Farrokh 'Freddie' Bulsara born to Bomi and Jer Bulsara at the Government Hospital on Zanzibar,Farrokh 'Freddie' Bulsara born to Bomi and Jer Bulsara at the Government Hospital on Zanzibar.,1946-09-05,ExactDate,Birthday,30,AsItBeganBook,farrokh-freddie-bulsara-born-to-bomi-and-jer-bulsara-at-the-government-hospital-on-zanzibar-1946-09-05,
Freddie's sister Kashmira Bulsara is born,Freddie's sister Kashmira Bulsara is born.,1952,YearOnly,Birthday,30,AsItBeganBook,freddie-s-sister-kashmira-bulsara-is-born-1952,
"Aged eight, Freddie is sent from Zanzibar to St Peter's English boarding school in Panchgani, India, where he first...","Aged eight, Freddie is sent from Zanzibar to St Peter's English boarding school in Panchgani, India, where he first becomes known as 'Freddie'.",1954,YearOnly,SiteHistory,30,AsItBeganBook,aged-eight-freddie-is-sent-from-zanzibar-to-st-peter-s-english-boarding-school-in-panchgani-india-where-he-first-1954,
"Freddie takes his O Levels at St Peter's, then leaves school and rejoins his parents in Zanzibar","Freddie takes his O Levels at St Peter's, then leaves school and rejoins his parents in Zanzibar.",1962,YearOnly,SiteHistory,30,AsItBeganBook,freddie-takes-his-o-levels-at-st-peter-s-then-leaves-school-and-rejoins-his-parents-in-zanzibar-1962,
Zanzibar becomes an independent state,Zanzibar becomes an independent state.,1963-12-10,ExactDate,SiteHistory,30,AsItBeganBook,zanzibar-becomes-an-independent-state-1963-12-10,
"Britain hands rule of Zanzibar to the Arab Sultan; a revolution follows soon after, forcing the Bulsara family to...","Britain hands rule of Zanzibar to the Arab Sultan; a revolution follows soon after, forcing the Bulsara family to flee to England.",1964-01-12,ExactDate,SiteHistory,30,AsItBeganBook,britain-hands-rule-of-zanzibar-to-the-arab-sultan-a-revolution-follows-soon-after-forcing-the-bulsara-family-to-1964-01-12,
Freddie enrols at Isleworth Polytechnic to study for an A level in Art,Freddie enrols at Isleworth Polytechnic to study for an A level in Art.,1964-09,MonthYear,SiteHistory,30,AsItBeganBook,freddie-enrols-at-isleworth-polytechnic-to-study-for-an-a-level-in-art-1964-09,
Freddie leaves Isleworth with a grade A Art A level,Freddie leaves Isleworth with a grade A Art A level.,1966,YearOnly,SiteHistory,30,AsItBeganBook,freddie-leaves-isleworth-with-a-grade-a-art-a-level-1966,
"Freddie begins a graphic illustrating course at Ealing College of Art, where he meets fellow student Tim Staffell","Freddie begins a graphic illustrating course at Ealing College of Art, where he meets fellow student Tim Staffell.",1966-09,MonthYear,SiteHistory,30,AsItBeganBook,freddie-begins-a-graphic-illustrating-course-at-ealing-college-of-art-where-he-meets-fellow-student-tim-staffell-1966-09,
Freddie graduates from Ealing College with a diploma in graphic art and design and buys his first cheap electric guitar,Freddie graduates from Ealing College with a diploma in graphic art and design and buys his first cheap electric guitar.,1969,YearOnly,SiteHistory,30,AsItBeganBook,freddie-graduates-from-ealing-college-with-a-diploma-in-graphic-art-and-design-and-buys-his-first-cheap-electric-guitar-1969,
Freddie joins Liverpool band Ibex as lead vocalist and also takes on a stall in Kensington Market with Roger Taylor,Freddie joins Liverpool band Ibex as lead vocalist and also takes on a stall in Kensington Market with Roger Taylor.,1969,YearOnly,SiteHistory,30,AsItBeganBook,freddie-joins-liverpool-band-ibex-as-lead-vocalist-and-also-takes-on-a-stall-in-kensington-market-with-roger-taylor-1969,
"Ibex (with Freddie on lead vocals) play the Bolton Octagon Theatre, followed by an open-air festival in Queens Park...","Ibex (with Freddie on lead vocals) play the Bolton Octagon Theatre, followed by an open-air festival in Queens Park the next day.",1969-08-23,ExactDate,SiteHistory,30,AsItBeganBook,ibex-with-freddie-on-lead-vocals-play-the-bolton-octagon-theatre-followed-by-an-open-air-festival-in-queens-park-1969-08-23,
"Disillusioned with Liverpool, Freddie and Mike Bersin head back to London, ending Freddie's time in Ibex","Disillusioned with Liverpool, Freddie and Mike Bersin head back to London, ending Freddie's time in Ibex.",1969-09,MonthYear,SiteHistory,30,AsItBeganBook,disillusioned-with-liverpool-freddie-and-mike-bersin-head-back-to-london-ending-freddie-s-time-in-ibex-1969-09,
Freddie becomes lead singer of Sour Milk Sea after an audition in Leatherhead; the band splits after about two months,Freddie becomes lead singer of Sour Milk Sea after an audition in Leatherhead; the band splits after about two months.,1969,YearOnly,SiteHistory,30,AsItBeganBook,freddie-becomes-lead-singer-of-sour-milk-sea-after-an-audition-in-leatherhead-the-band-splits-after-about-two-months-1969,
"Freddie forms his own band, Wreckage, with Richard Thompson, Mike Bersin and Tupp Taylor, playing their first gig at...","Freddie forms his own band, Wreckage, with Richard Thompson, Mike Bersin and Tupp Taylor, playing their first gig at Ealing College of Art.",1970,YearOnly,Concert,30,AsItBeganBook,freddie-forms-his-own-band-wreckage-with-richard-thompson-mike-bersin-and-tupp-taylor-playing-their-first-gig-at-1970,
Freddie leaves Wreckage after feeling the band wasn't progressing,Freddie leaves Wreckage after feeling the band wasn't progressing.,1970-03,MonthYear,SiteHistory,30,AsItBeganBook,freddie-leaves-wreckage-after-feeling-the-band-wasn-t-progressing-1970-03,
"Freddie, Brian and Roger agree on the name Queen and begin life as a band","Freddie, Brian and Roger agree on the name Queen and begin life as a band.",1970-04,MonthYear,SiteHistory,30,AsItBeganBook,freddie-brian-and-roger-agree-on-the-name-queen-and-begin-life-as-a-band-1970-04,
"Queen play their first-ever gig (still billed as 'Smile') at Truro City Hall, opening with a revamped Wreckage song,...","Queen play their first-ever gig (still billed as 'Smile') at Truro City Hall, opening with a revamped Wreckage song, 'Stone Cold Crazy'; Mike Grose is on bass.",1970-06-27,ExactDate,Concert,30,AsItBeganBook,queen-play-their-first-ever-gig-still-billed-as-smile-at-truro-city-hall-opening-with-a-revamped-wreckage-song-1970-06-27,
"Queen play PJ's in Truro, the first gig actually billed under the name Queen; it is also Mike Grose's last gig with...","Queen play PJ's in Truro, the first gig actually billed under the name Queen; it is also Mike Grose's last gig with the band.",1970-07-25,ExactDate,Concert,30,AsItBeganBook,queen-play-pj-s-in-truro-the-first-gig-actually-billed-under-the-name-queen-it-is-also-mike-grose-s-last-gig-with-1970-07-25,
Mike Grose amicably leaves Queen; the band recruits bass player Barry Mitchell,Mike Grose amicably leaves Queen; the band recruits bass player Barry Mitchell.,1970-08,MonthYear,SiteHistory,30,AsItBeganBook,mike-grose-amicably-leaves-queen-the-band-recruits-bass-player-barry-mitchell-1970-08,
"Queen, with new bassist Barry Mitchell, play a gig at Imperial College","Queen, with new bassist Barry Mitchell, play a gig at Imperial College.",1970-08-23,ExactDate,Concert,30,AsItBeganBook,queen-with-new-bassist-barry-mitchell-play-a-gig-at-imperial-college-1970-08-23,
Jimi Hendrix dies; Freddie and Roger close their Kensington Market stall for the day in mourning and play 'Voodoo...,Jimi Hendrix dies; Freddie and Roger close their Kensington Market stall for the day in mourning and play 'Voodoo Chile' at rehearsal that night.,1970-09-18,ExactDate,Concert,30,AsItBeganBook,jimi-hendrix-dies-freddie-and-roger-close-their-kensington-market-stall-for-the-day-in-mourning-and-play-voodoo-1970-09-18,
"Queen play the College of Estate Management, Kensington, to a friendly audience of about 80","Queen play the College of Estate Management, Kensington, to a friendly audience of about 80.",1970-10-16,ExactDate,SiteHistory,30,AsItBeganBook,queen-play-the-college-of-estate-management-kensington-to-a-friendly-audience-of-about-80-1970-10-16,
"Barry Mitchell plays his last two gigs with Queen, at the Marquee and Ewell Technical College (supporting Kevin...","Barry Mitchell plays his last two gigs with Queen, at the Marquee and Ewell Technical College (supporting Kevin Ayers and the Whole World with Genesis also on the bill).",1971-01-08,ExactDate,Concert,30,AsItBeganBook,barry-mitchell-plays-his-last-two-gigs-with-queen-at-the-marquee-and-ewell-technical-college-supporting-kevin-1971-01-08,
"John Richard Deacon born at St Francis Private Hospital, Leicester, to Lillian Molly and Arthur Henry Deacon","John Richard Deacon born at St Francis Private Hospital, Leicester, to Lillian Molly and Arthur Henry Deacon.",1951-08-19,ExactDate,Birthday,30,AsItBeganBook,john-richard-deacon-born-at-st-francis-private-hospital-leicester-to-lillian-molly-and-arthur-henry-deacon-1951-08-19,
"John starts at Lindon Junior School, Evington, the year his sister Julie is born; his parents buy him his first...","John starts at Lindon Junior School, Evington, the year his sister Julie is born; his parents buy him his first guitar, a red plastic 'Tommy Steele' model.",1956,YearOnly,Birthday,30,AsItBeganBook,john-starts-at-lindon-junior-school-evington-the-year-his-sister-julie-is-born-his-parents-buy-him-his-first-1956,
"John's father dies, the same year the family moves and John begins at Gartree High School","John's father dies, the same year the family moves and John begins at Gartree High School.",1962,YearOnly,SiteHistory,30,AsItBeganBook,john-s-father-dies-the-same-year-the-family-moves-and-john-begins-at-gartree-high-school-1962,
"John's first band, the Opposition, play their first public gig at a house party","John's first band, the Opposition, play their first public gig at a house party.",1965-09-25,ExactDate,Concert,30,AsItBeganBook,john-s-first-band-the-opposition-play-their-first-public-gig-at-a-house-party-1965-09-25,
"The Opposition play their first major gig, supporting the Rapids Rave at the Co-operative Hall, Enderby, earning £2","The Opposition play their first major gig, supporting the Rapids Rave at the Co-operative Hall, Enderby, earning £2.",1965-12-04,ExactDate,Concert,30,AsItBeganBook,the-opposition-play-their-first-major-gig-supporting-the-rapids-rave-at-the-co-operative-hall-enderby-earning-2-1965-12-04,
"John buys his first bass guitar, an EKO, for £22, taking over from departing bassist Clive Castledine","John buys his first bass guitar, an EKO, for £22, taking over from departing bassist Clive Castledine.",1966-04,MonthYear,SiteHistory,30,AsItBeganBook,john-buys-his-first-bass-guitar-an-eko-for-22-taking-over-from-departing-bassist-clive-castledine-1966-04,
The Opposition rename themselves the New Opposition,The Opposition rename themselves the New Opposition.,1966-05,MonthYear,SiteHistory,30,AsItBeganBook,the-opposition-rename-themselves-the-new-opposition-1966-05,
The band renames itself Art,The band renames itself Art.,1968-03,MonthYear,SiteHistory,30,AsItBeganBook,the-band-renames-itself-art-1968-03,
John leaves Beauchamp Grammar School with eight O levels and three grade-A A levels,John leaves Beauchamp Grammar School with eight O levels and three grade-A A levels.,1969-06,MonthYear,SiteHistory,30,AsItBeganBook,john-leaves-beauchamp-grammar-school-with-eight-o-levels-and-three-grade-a-a-levels-1969-06,
John plays his final gig with Art before leaving for university in London,John plays his final gig with Art before leaving for university in London.,1969-08,MonthYear,Concert,30,AsItBeganBook,john-plays-his-final-gig-with-art-before-leaving-for-university-in-london-1969-08,
"John sees Queen play (without realising their significance) at the College of Estate Management, Kensington","John sees Queen play (without realising their significance) at the College of Estate Management, Kensington.",1970-10,MonthYear,Concert,30,AsItBeganBook,john-sees-queen-play-without-realising-their-significance-at-the-college-of-estate-management-kensington-1970-10,
John plays a one-off college gig under the makeshift band name 'Deacon',John plays a one-off college gig under the makeshift band name 'Deacon'.,1970-11-21,ExactDate,Concert,30,AsItBeganBook,john-plays-a-one-off-college-gig-under-the-makeshift-band-name-deacon-1970-11-21,
John is introduced to Roger Taylor and Brian May at a Maria Assumpta College disco and is invited to audition for...,John is introduced to Roger Taylor and Brian May at a Maria Assumpta College disco and is invited to audition for Queen's vacant bass slot.,1971,YearOnly,SiteHistory,30,AsItBeganBook,john-is-introduced-to-roger-taylor-and-brian-may-at-a-maria-assumpta-college-disco-and-is-invited-to-audition-for-1971,
John Deacon officially joins Queen as its fourth and final member,John Deacon officially joins Queen as its fourth and final member.,1971-02,MonthYear,SiteHistory,30,AsItBeganBook,john-deacon-officially-joins-queen-as-its-fourth-and-final-member-1971-02,
"John Deacon plays his first gig with Queen, at a college in Surrey","John Deacon plays his first gig with Queen, at a college in Surrey.",1971-07,MonthYear,Concert,30,AsItBeganBook,john-deacon-plays-his-first-gig-with-queen-at-a-college-in-surrey-1971-07,
Queen play Imperial College with John Deacon; John Anthony sees the show and tells the band 'I'll call you soon',Queen play Imperial College with John Deacon; John Anthony sees the show and tells the band 'I'll call you soon'.,1971-07-11,ExactDate,Concert,30,AsItBeganBook,queen-play-imperial-college-with-john-deacon-john-anthony-sees-the-show-and-tells-the-band-i-ll-call-you-soon-1971-07-11,
"Queen play their first outdoor gig, a festival at Tregye Country Club near Truro, on a bill headed by Arthur Brown's...","Queen play their first outdoor gig, a festival at Tregye Country Club near Truro, on a bill headed by Arthur Brown's Kingdom Come and Hawkwind.",1971-08-21,ExactDate,Concert,30,AsItBeganBook,queen-play-their-first-outdoor-gig-a-festival-at-tregye-country-club-near-truro-on-a-bill-headed-by-arthur-brown-s-1971-08-21,
"Queen play a poor-acoustic gig at a swimming baths in Epsom, supporting Arthur Brown's Kingdom Come","Queen play a poor-acoustic gig at a swimming baths in Epsom, supporting Arthur Brown's Kingdom Come.",1971-12-09,ExactDate,Concert,30,AsItBeganBook,queen-play-a-poor-acoustic-gig-at-a-swimming-baths-in-epsom-supporting-arthur-brown-s-kingdom-come-1971-12-09,
John organises a gig at Bedford College attended by just six people - one of his most embarrassing moments,John organises a gig at Bedford College attended by just six people - one of his most embarrassing moments.,1972-01,MonthYear,Concert,30,AsItBeganBook,john-organises-a-gig-at-bedford-college-attended-by-just-six-people-one-of-his-most-embarrassing-moments-1972-01,
Trident's Barry Sheffield sees Queen live at a hospital dance in Forest Hill and offers them a contract with Trident...,Trident's Barry Sheffield sees Queen live at a hospital dance in Forest Hill and offers them a contract with Trident Audio Productions.,1972-03-24,ExactDate,SiteHistory,30,AsItBeganBook,trident-s-barry-sheffield-sees-queen-live-at-a-hospital-dance-in-forest-hill-and-offers-them-a-contract-with-trident-1972-03-24,
"Queen are about to sign with Trident but insist on three separate agreements for publishing, recording and management","Queen are about to sign with Trident but insist on three separate agreements for publishing, recording and management.",1972-05,MonthYear,Recording,30,AsItBeganBook,queen-are-about-to-sign-with-trident-but-insist-on-three-separate-agreements-for-publishing-recording-and-management-1972-05,
"Jack Nelson takes the Queen demo to EMI; EMI want Queen alone but Trident refuse to split the three-act package, so...","Jack Nelson takes the Queen demo to EMI; EMI want Queen alone but Trident refuse to split the three-act package, so EMI turns them down.",1972,YearOnly,SiteHistory,30,AsItBeganBook,jack-nelson-takes-the-queen-demo-to-emi-emi-want-queen-alone-but-trident-refuse-to-split-the-three-act-package-so-1972,
John Deacon graduates from Chelsea College with a first class honours degree in electronics,John Deacon graduates from Chelsea College with a first class honours degree in electronics.,1972-06,MonthYear,SiteHistory,30,AsItBeganBook,john-deacon-graduates-from-chelsea-college-with-a-first-class-honours-degree-in-electronics-1972-06,
Roger leaves the North London Polytechnic with his biology degree,Roger leaves the North London Polytechnic with his biology degree.,1972,YearOnly,SiteHistory,30,AsItBeganBook,roger-leaves-the-north-london-polytechnic-with-his-biology-degree-1972,
Trident agrees to pay each member of Queen £20 per week even though no recording deal has yet been signed,Trident agrees to pay each member of Queen £20 per week even though no recording deal has yet been signed.,1972-09,MonthYear,Recording,30,AsItBeganBook,trident-agrees-to-pay-each-member-of-queen-20-per-week-even-though-no-recording-deal-has-yet-been-signed-1972-09,
Queen sign a legal contract with Trident Audio Productions Ltd,Queen sign a legal contract with Trident Audio Productions Ltd.,1972-11-01,ExactDate,SiteHistory,30,AsItBeganBook,queen-sign-a-legal-contract-with-trident-audio-productions-ltd-1972-11-01,
"Queen play a poorly-received showcase gig at the Pheasantry pub, King's Road, Chelsea, for record company guests","Queen play a poorly-received showcase gig at the Pheasantry pub, King's Road, Chelsea, for record company guests.",1972-11-06,ExactDate,Concert,30,AsItBeganBook,queen-play-a-poorly-received-showcase-gig-at-the-pheasantry-pub-king-s-road-chelsea-for-record-company-guests-1972-11-06,
Roger moves into his own flat in Richmond as Freddie moves in with Mary Austin,Roger moves into his own flat in Richmond as Freddie moves in with Mary Austin.,1972-11,MonthYear,SiteHistory,30,AsItBeganBook,roger-moves-into-his-own-flat-in-richmond-as-freddie-moves-in-with-mary-austin-1972-11,
Queen complete recording of their first album at Trident Studios,Queen complete recording of their first album at Trident Studios.,1972-11,MonthYear,Release,30,AsItBeganBook,queen-complete-recording-of-their-first-album-at-trident-studios-1972-11,
Queen's debut album is finished but still without a record deal,Queen's debut album is finished but still without a record deal.,1973-01,MonthYear,Release,30,AsItBeganBook,queen-s-debut-album-is-finished-but-still-without-a-record-deal-1973-01,
Trident arranges for Queen to record a session for BBC Radio One's Sounds of the Seventies,Trident arranges for Queen to record a session for BBC Radio One's Sounds of the Seventies.,1973-02,MonthYear,Recording,30,AsItBeganBook,trident-arranges-for-queen-to-record-a-session-for-bbc-radio-one-s-sounds-of-the-seventies-1973-02,
"Queen's BBC Radio One session ('Keep Yourself Alive', 'My Fairy King', 'Doing Alright', 'Liar') is first broadcast,...","Queen's BBC Radio One session ('Keep Yourself Alive', 'My Fairy King', 'Doing Alright', 'Liar') is first broadcast, prompting EMI to move toward signing them.",1973-02-15,ExactDate,TVRadio,30,AsItBeganBook,queen-s-bbc-radio-one-session-keep-yourself-alive-my-fairy-king-doing-alright-liar-is-first-broadcast-1973-02-15,
"Queen sign their first recording contract, with EMI Records Ltd, covering the UK and Europe","Queen sign their first recording contract, with EMI Records Ltd, covering the UK and Europe.",1973-03,MonthYear,Recording,30,AsItBeganBook,queen-sign-their-first-recording-contract-with-emi-records-ltd-covering-the-uk-and-europe-1973-03,
"Queen play a special Marquee showcase for Elektra's Jack Holsten, who is won over despite a half-empty room","Queen play a special Marquee showcase for Elektra's Jack Holsten, who is won over despite a half-empty room.",1973-04-09,ExactDate,SiteHistory,30,AsItBeganBook,queen-play-a-special-marquee-showcase-for-elektra-s-jack-holsten-who-is-won-over-despite-a-half-empty-room-1973-04-09,
Queen's debut single 'Keep Yourself Alive' (b/w 'Son and Daughter') is released in Britain,Queen's debut single 'Keep Yourself Alive' (b/w 'Son and Daughter') is released in Britain.,1973-07-06,ExactDate,Release,30,AsItBeganBook,queen-s-debut-single-keep-yourself-alive-b-w-son-and-daughter-is-released-in-britain-1973-07-06,
EMI releases Queen's self-titled debut album in the UK,EMI releases Queen's self-titled debut album in the UK.,1973-07-13,ExactDate,Release,30,AsItBeganBook,emi-releases-queen-s-self-titled-debut-album-in-the-uk-1973-07-13,
'Keep Yourself Alive' airs on BBC's The Old Grey Whistle Test after producer Mike Appleton picked it from an...,"'Keep Yourself Alive' airs on BBC's The Old Grey Whistle Test after producer Mike Appleton picked it from an anonymous white-label promo, prompting listener calls.",1973-07-24,ExactDate,Recording,30,AsItBeganBook,keep-yourself-alive-airs-on-bbc-s-the-old-grey-whistle-test-after-producer-mike-appleton-picked-it-from-an-1973-07-24,
"Queen record a John Peel radio session including 'Keep Yourself Alive', 'Son and Daughter', 'Liar' and 'See What A...","Queen record a John Peel radio session including 'Keep Yourself Alive', 'Son and Daughter', 'Liar' and 'See What A Fool I've Been'.",1973-07-25,ExactDate,Recording,30,AsItBeganBook,queen-record-a-john-peel-radio-session-including-keep-yourself-alive-son-and-daughter-liar-and-see-what-a-1973-07-25,
"Queen film their first-ever promotional video, at Shepperton Studios, for 'Liar' and 'Keep Yourself Alive'; Freddie...","Queen film their first-ever promotional video, at Shepperton Studios, for 'Liar' and 'Keep Yourself Alive'; Freddie shaves his chest for the occasion.",1973-08-09,ExactDate,SiteHistory,30,AsItBeganBook,queen-film-their-first-ever-promotional-video-at-shepperton-studios-for-liar-and-keep-yourself-alive-freddie-1973-08-09,
"Queen begin recording their second album at Trident Studios, this time as a main booked act","Queen begin recording their second album at Trident Studios, this time as a main booked act.",1973-08,MonthYear,Release,30,AsItBeganBook,queen-begin-recording-their-second-album-at-trident-studios-this-time-as-a-main-booked-act-1973-08,
"Queen record a BBC In Concert session at the Golders Green Hippodrome, opening with the taped intro 'Procession'","Queen record a BBC In Concert session at the Golders Green Hippodrome, opening with the taped intro 'Procession'.",1973-09-13,ExactDate,Concert,30,AsItBeganBook,queen-record-a-bbc-in-concert-session-at-the-golders-green-hippodrome-opening-with-the-taped-intro-procession-1973-09-13,
Elektra Records releases Queen's debut album in the USA; it eventually climbs to number 83 on the Billboard chart,Elektra Records releases Queen's debut album in the USA; it eventually climbs to number 83 on the Billboard chart.,1973-09,MonthYear,Release,30,AsItBeganBook,elektra-records-releases-queen-s-debut-album-in-the-usa-it-eventually-climbs-to-number-83-on-the-billboard-chart-1973-09,
"Queen play their first live gig outside the UK, at Bad Godesberg, Frankfurt","Queen play their first live gig outside the UK, at Bad Godesberg, Frankfurt.",1973-10-13,ExactDate,Concert,30,AsItBeganBook,queen-play-their-first-live-gig-outside-the-uk-at-bad-godesberg-frankfurt-1973-10-13,
Elektra releases 'Keep Yourself Alive' as a single in the USA; it fails to chart,Elektra releases 'Keep Yourself Alive' as a single in the USA; it fails to chart.,1973-10-09,ExactDate,Release,30,AsItBeganBook,elektra-releases-keep-yourself-alive-as-a-single-in-the-usa-it-fails-to-chart-1973-10-09,
"Queen begin their first major UK tour, supporting Mott the Hoople, opening at Leeds Town Hall","Queen begin their first major UK tour, supporting Mott the Hoople, opening at Leeds Town Hall.",1973-11-12,ExactDate,Concert,30,AsItBeganBook,queen-begin-their-first-major-uk-tour-supporting-mott-the-hoople-opening-at-leeds-town-hall-1973-11-12,
"Queen and Mott the Hoople play two shows at Hammersmith Odeon (matinee and evening) to over 7,000 people - the final...","Queen and Mott the Hoople play two shows at Hammersmith Odeon (matinee and evening) to over 7,000 people - the final and largest date of the tour, and the first time Brian's parents see him play with Queen.",1973-12-14,ExactDate,Concert,30,AsItBeganBook,queen-and-mott-the-hoople-play-two-shows-at-hammersmith-odeon-matinee-and-evening-to-over-7-000-people-the-final-1973-12-14,
"Queen fly out to Australia to headline the Sunbury open-air festival, a notoriously hostile experience with local...","Queen fly out to Australia to headline the Sunbury open-air festival, a notoriously hostile experience with local crews and press.",1974-01-28,ExactDate,SiteHistory,30,AsItBeganBook,queen-fly-out-to-australia-to-headline-the-sunbury-open-air-festival-a-notoriously-hostile-experience-with-local-1974-01-28,
Elektra releases an edited version of 'Liar' as a US single; it fails to chart,Elektra releases an edited version of 'Liar' as a US single; it fails to chart.,1974-02-14,ExactDate,Release,30,AsItBeganBook,elektra-releases-an-edited-version-of-liar-as-a-us-single-it-fails-to-chart-1974-02-14,
"Queen record a special backing track for Top of the Pops using time loaned by Pete Townshend, ahead of a last-minute...","Queen record a special backing track for Top of the Pops using time loaned by Pete Townshend, ahead of a last-minute booking.",1974-02-20,ExactDate,Recording,30,AsItBeganBook,queen-record-a-special-backing-track-for-top-of-the-pops-using-time-loaned-by-pete-townshend-ahead-of-a-last-minute-1974-02-20,
"Queen make their first Top of the Pops appearance, performing the then-unreleased 'Seven Seas Of Rhye'","Queen make their first Top of the Pops appearance, performing the then-unreleased 'Seven Seas Of Rhye'.",1974-02-21,ExactDate,TVRadio,30,AsItBeganBook,queen-make-their-first-top-of-the-pops-appearance-performing-the-then-unreleased-seven-seas-of-rhye-1974-02-21,
"Queen play the first date of their first headlining UK tour, at Blackpool Winter Gardens","Queen play the first date of their first headlining UK tour, at Blackpool Winter Gardens.",1974-03-01,ExactDate,Concert,30,AsItBeganBook,queen-play-the-first-date-of-their-first-headlining-uk-tour-at-blackpool-winter-gardens-1974-03-01,
'Seven Seas Of Rhye' enters the UK singles chart at number 45 - Queen's first-ever chart entry,'Seven Seas Of Rhye' enters the UK singles chart at number 45 - Queen's first-ever chart entry.,1974-03-05,ExactDate,SiteHistory,30,AsItBeganBook,seven-seas-of-rhye-enters-the-uk-singles-chart-at-number-45-queen-s-first-ever-chart-entry-1974-03-05,
"Queen II is released in the UK, marking the first Queen sleeve to feature a black side and a white side instead of A/B","Queen II is released in the UK, marking the first Queen sleeve to feature a black side and a white side instead of A/B.",1974-03-08,ExactDate,Release,30,AsItBeganBook,queen-ii-is-released-in-the-uk-marking-the-first-queen-sleeve-to-feature-a-black-side-and-a-white-side-instead-of-a-b-1974-03-08,
"Queen play Cheltenham Town Hall, after which the tour's lighting crew quits","Queen play Cheltenham Town Hall, after which the tour's lighting crew quits.",1974-03-14,ExactDate,Concert,30,AsItBeganBook,queen-play-cheltenham-town-hall-after-which-the-tour-s-lighting-crew-quits-1974-03-14,
A gig at Stirling University ends in a riot after the band refuse a fourth encore; two audience members are stabbed...,"A gig at Stirling University ends in a riot after the band refuse a fourth encore; two audience members are stabbed and two road crew hurt, forcing the cancellation of the next night's Birmingham show.",1974-03,MonthYear,Concert,30,AsItBeganBook,a-gig-at-stirling-university-ends-in-a-riot-after-the-band-refuse-a-fourth-encore-two-audience-members-are-stabbed-1974-03,
"Queen play the Palace Lido in Douglas, Isle of Man - a surprise highlight of the tour","Queen play the Palace Lido in Douglas, Isle of Man - a surprise highlight of the tour.",1974-03-26,ExactDate,Concert,30,AsItBeganBook,queen-play-the-palace-lido-in-douglas-isle-of-man-a-surprise-highlight-of-the-tour-1974-03-26,
Queen play what was meant to be the tour's final date at London's Rainbow Theatre; Freddie storms off mid-day after...,Queen play what was meant to be the tour's final date at London's Rainbow Theatre; Freddie storms off mid-day after an argument with Brian.,1974-03-31,ExactDate,Concert,30,AsItBeganBook,queen-play-what-was-meant-to-be-the-tour-s-final-date-at-london-s-rainbow-theatre-freddie-storms-off-mid-day-after-1974-03-31,
"Queen fly to America for their first US tour, supporting Mott the Hoople","Queen fly to America for their first US tour, supporting Mott the Hoople.",1974-04-12,ExactDate,Concert,30,AsItBeganBook,queen-fly-to-america-for-their-first-us-tour-supporting-mott-the-hoople-1974-04-12,
"Queen play their first-ever US gig, at Regis College, Denver","Queen play their first-ever US gig, at Regis College, Denver.",1974-04-16,ExactDate,Concert,30,AsItBeganBook,queen-play-their-first-ever-us-gig-at-regis-college-denver-1974-04-16,
"Queen, Mott the Hoople and Aerosmith play the Harrisburg Farm Arena, a converted cowshed; Brian and Aerosmith's Joe...","Queen, Mott the Hoople and Aerosmith play the Harrisburg Farm Arena, a converted cowshed; Brian and Aerosmith's Joe Perry bond over Jack Daniel's while arguing over set order.",1974-05-01,ExactDate,SiteHistory,30,AsItBeganBook,queen-mott-the-hoople-and-aerosmith-play-the-harrisburg-farm-arena-a-converted-cowshed-brian-and-aerosmith-s-joe-1974-05-01,
Queen and Mott play six sold-out nights at New York's Uris Theater on Broadway - the venue's first-ever rock concerts,Queen and Mott play six sold-out nights at New York's Uris Theater on Broadway - the venue's first-ever rock concerts.,1974-05-07,ExactDate,Concert,30,AsItBeganBook,queen-and-mott-play-six-sold-out-nights-at-new-york-s-uris-theater-on-broadway-the-venue-s-first-ever-rock-concerts-1974-05-07,
Elektra releases 'Seven Seas Of Rhye' as a US single; it fails to chart,Elektra releases 'Seven Seas Of Rhye' as a US single; it fails to chart.,1974-05-20,ExactDate,Release,30,AsItBeganBook,elektra-releases-seven-seas-of-rhye-as-a-us-single-it-fails-to-chart-1974-05-20,
The band rehearses new material for their third album at Rockfield Studios in Wales; Brian is repeatedly ill,The band rehearses new material for their third album at Rockfield Studios in Wales; Brian is repeatedly ill.,1974-06,MonthYear,Release,30,AsItBeganBook,the-band-rehearses-new-material-for-their-third-album-at-rockfield-studios-in-wales-brian-is-repeatedly-ill-1974-06,
Queen begin recording Sheer Heart Attack at Trident Studios,Queen begin recording Sheer Heart Attack at Trident Studios.,1974-07-15,ExactDate,Recording,30,AsItBeganBook,queen-begin-recording-sheer-heart-attack-at-trident-studios-1974-07-15,
"Brian is hospitalised for an emergency operation for a duodenal ulcer, forcing cancellation of a planned September...","Brian is hospitalised for an emergency operation for a duodenal ulcer, forcing cancellation of a planned September US tour.",1974-08,MonthYear,Concert,30,AsItBeganBook,brian-is-hospitalised-for-an-emergency-operation-for-a-duodenal-ulcer-forcing-cancellation-of-a-planned-september-1974-08,
"Queen II passes 100,000 UK sales and the band receive silver discs at London's Café Royal, presented by a Queen...","Queen II passes 100,000 UK sales and the band receive silver discs at London's Café Royal, presented by a Queen Elizabeth II lookalike - Brian's first public appearance since his illness.",1974-09,MonthYear,SiteHistory,30,AsItBeganBook,queen-ii-passes-100-000-uk-sales-and-the-band-receive-silver-discs-at-london-s-caf-royal-presented-by-a-queen-1974-09,
"EMI releases Queen's first double-A-side single, 'Killer Queen' / 'Flick Of The Wrist', reaching number two on the...","EMI releases Queen's first double-A-side single, 'Killer Queen' / 'Flick Of The Wrist', reaching number two on the UK singles chart.",1974-10-11,ExactDate,Release,30,AsItBeganBook,emi-releases-queen-s-first-double-a-side-single-killer-queen-flick-of-the-wrist-reaching-number-two-on-the-1974-10-11,
"Queen's UK tour opens at the Palace Theatre, Manchester, with a new pyrotechnic-heavy stage show","Queen's UK tour opens at the Palace Theatre, Manchester, with a new pyrotechnic-heavy stage show.",1974-10-30,ExactDate,Concert,30,AsItBeganBook,queen-s-uk-tour-opens-at-the-palace-theatre-manchester-with-a-new-pyrotechnic-heavy-stage-show-1974-10-30,
"Fans rush the stage at the Liverpool Empire, forcing the safety curtain down","Fans rush the stage at the Liverpool Empire, forcing the safety curtain down.",1974-11-01,ExactDate,SiteHistory,30,AsItBeganBook,fans-rush-the-stage-at-the-liverpool-empire-forcing-the-safety-curtain-down-1974-11-01,
"EMI releases Sheer Heart Attack, the same day Queen play a riotous sold-out Glasgow Apollo show in which Freddie is...","EMI releases Sheer Heart Attack, the same day Queen play a riotous sold-out Glasgow Apollo show in which Freddie is pulled into the crowd.",1974-11-08,ExactDate,Concert,30,AsItBeganBook,emi-releases-sheer-heart-attack-the-same-day-queen-play-a-riotous-sold-out-glasgow-apollo-show-in-which-freddie-is-1974-11-08,
Queen's sold-out Rainbow Theatre London date is filmed in full over two nights (a second added due to demand),Queen's sold-out Rainbow Theatre London date is filmed in full over two nights (a second added due to demand).,1974-11-19,ExactDate,SiteHistory,30,AsItBeganBook,queen-s-sold-out-rainbow-theatre-london-date-is-filmed-in-full-over-two-nights-a-second-added-due-to-demand-1974-11-19,
Queen's replacement equipment truck (arranged via new haulier Edwin Shirley) arrives just in time for a Munich gig...,Queen's replacement equipment truck (arranged via new haulier Edwin Shirley) arrives just in time for a Munich gig after the original got stuck under a low bridge.,1974-12-02,ExactDate,Concert,30,AsItBeganBook,queen-s-replacement-equipment-truck-arranged-via-new-haulier-edwin-shirley-arrives-just-in-time-for-a-munich-gig-1974-12-02,
Queen instruct lawyer Jim Beach to begin negotiations to break free of their Trident contracts,Queen instruct lawyer Jim Beach to begin negotiations to break free of their Trident contracts.,1974-12,MonthYear,SiteHistory,30,AsItBeganBook,queen-instruct-lawyer-jim-beach-to-begin-negotiations-to-break-free-of-their-trident-contracts-1974-12,
"John Deacon marries Veronica Tetzlaff at the Carmelite Church, Kensington Church Street, London","John Deacon marries Veronica Tetzlaff at the Carmelite Church, Kensington Church Street, London.",1975-01-18,ExactDate,SiteHistory,30,AsItBeganBook,john-deacon-marries-veronica-tetzlaff-at-the-carmelite-church-kensington-church-street-london-1975-01-18,
Queen depart for their first headlining US tour,Queen depart for their first headlining US tour.,1975-01-31,ExactDate,Concert,30,AsItBeganBook,queen-depart-for-their-first-headlining-us-tour-1975-01-31,
"Freddie performs in Washington DC despite severe vocal strain, in what turns out to be one of the tour's best shows...","Freddie performs in Washington DC despite severe vocal strain, in what turns out to be one of the tour's best shows before several dates are cancelled.",1975-02-24,ExactDate,Concert,30,AsItBeganBook,freddie-performs-in-washington-dc-despite-severe-vocal-strain-in-what-turns-out-to-be-one-of-the-tour-s-best-shows-1975-02-24,
The scheduled final US tour date in Portland is cancelled amid Freddie's ongoing throat problems,The scheduled final US tour date in Portland is cancelled amid Freddie's ongoing throat problems.,1975-04-07,ExactDate,Concert,30,AsItBeganBook,the-scheduled-final-us-tour-date-in-portland-is-cancelled-amid-freddie-s-ongoing-throat-problems-1975-04-07,
"Queen land in Tokyo to over 3,000 screaming fans, their first visit to Japan","Queen land in Tokyo to over 3,000 screaming fans, their first visit to Japan.",1975-04-18,ExactDate,SiteHistory,30,AsItBeganBook,queen-land-in-tokyo-to-over-3-000-screaming-fans-their-first-visit-to-japan-1975-04-18,
"Queen play the Budokan in Tokyo to 10,000 fans; the crowd surge is so severe Freddie stops the show to calm the audience","Queen play the Budokan in Tokyo to 10,000 fans; the crowd surge is so severe Freddie stops the show to calm the audience.",1975-04-19,ExactDate,Concert,30,AsItBeganBook,queen-play-the-budokan-in-tokyo-to-10-000-fans-the-crowd-surge-is-so-severe-freddie-stops-the-show-to-calm-the-audience-1975-04-19,
Freddie receives an Ivor Novello Award from the Songwriters Guild of Great Britain for 'Killer Queen',Freddie receives an Ivor Novello Award from the Songwriters Guild of Great Britain for 'Killer Queen'.,1975-05-22,ExactDate,Award,30,AsItBeganBook,freddie-receives-an-ivor-novello-award-from-the-songwriters-guild-of-great-britain-for-killer-queen-1975-05-22,
"John and Veronica Deacon's first child, Robert, is born","John and Veronica Deacon's first child, Robert, is born.",1975-07-18,ExactDate,Birthday,30,AsItBeganBook,john-and-veronica-deacon-s-first-child-robert-is-born-1975-07-18,
"Queen sign a severance agreement freeing them from their three Trident contracts, in exchange for a £100,000 payment...","Queen sign a severance agreement freeing them from their three Trident contracts, in exchange for a £100,000 payment and 1% royalties on their next six albums.",1975-08,MonthYear,SiteHistory,30,AsItBeganBook,queen-sign-a-severance-agreement-freeing-them-from-their-three-trident-contracts-in-exchange-for-a-100-000-payment-1975-08,
Queen present manager John Reid with 'Bohemian Rhapsody'; he is incredulous at its near-six-minute length but the...,Queen present manager John Reid with 'Bohemian Rhapsody'; he is incredulous at its near-six-minute length but the band refuse to edit it.,1975-10,MonthYear,SiteHistory,30,AsItBeganBook,queen-present-manager-john-reid-with-bohemian-rhapsody-he-is-incredulous-at-its-near-six-minute-length-but-the-1975-10,
"Queen film the 'Bohemian Rhapsody' promotional video at Elstree Studios in about four hours, for roughly £4,500","Queen film the 'Bohemian Rhapsody' promotional video at Elstree Studios in about four hours, for roughly £4,500.",1975-11-10,ExactDate,SiteHistory,30,AsItBeganBook,queen-film-the-bohemian-rhapsody-promotional-video-at-elstree-studios-in-about-four-hours-for-roughly-4-500-1975-11-10,
"Queen's UK tour opens at the Liverpool Empire, with an elaborate new stage set including Roger's giant gong","Queen's UK tour opens at the Liverpool Empire, with an elaborate new stage set including Roger's giant gong.",1975-11-14,ExactDate,Concert,30,AsItBeganBook,queen-s-uk-tour-opens-at-the-liverpool-empire-with-an-elaborate-new-stage-set-including-roger-s-giant-gong-1975-11-14,
Top of the Pops premieres the 'Bohemian Rhapsody' promo video,Top of the Pops premieres the 'Bohemian Rhapsody' promo video.,1975-11-20,ExactDate,TVRadio,30,AsItBeganBook,top-of-the-pops-premieres-the-bohemian-rhapsody-promo-video-1975-11-20,
"EMI releases A Night at the Opera, titled after the band's favourite Marx Brothers film","EMI releases A Night at the Opera, titled after the band's favourite Marx Brothers film.",1975-11-21,ExactDate,Release,30,AsItBeganBook,emi-releases-a-night-at-the-opera-titled-after-the-band-s-favourite-marx-brothers-film-1975-11-21,
'Bohemian Rhapsody' hits number one on the UK singles chart,'Bohemian Rhapsody' hits number one on the UK singles chart.,1975-11-25,ExactDate,SiteHistory,30,AsItBeganBook,bohemian-rhapsody-hits-number-one-on-the-uk-singles-chart-1975-11-25,
Queen play a one-off Hammersmith Odeon show broadcast live on The Old Grey Whistle Test and simulcast on Radio One,Queen play a one-off Hammersmith Odeon show broadcast live on The Old Grey Whistle Test and simulcast on Radio One.,1975-12-24,ExactDate,Concert,30,AsItBeganBook,queen-play-a-one-off-hammersmith-odeon-show-broadcast-live-on-the-old-grey-whistle-test-and-simulcast-on-radio-one-1975-12-24,
A Night at the Opera reaches number one on the UK albums chart,A Night at the Opera reaches number one on the UK albums chart.,1975-12-27,ExactDate,SiteHistory,30,AsItBeganBook,a-night-at-the-opera-reaches-number-one-on-the-uk-albums-chart-1975-12-27,
'Bohemian Rhapsody' completes nine weeks at UK number one - the longest run at the top since Slim Whitman's...,'Bohemian Rhapsody' completes nine weeks at UK number one - the longest run at the top since Slim Whitman's 'Rosemarie' in 1957.,1976-01-24,ExactDate,SiteHistory,30,AsItBeganBook,bohemian-rhapsody-completes-nine-weeks-at-uk-number-one-the-longest-run-at-the-top-since-slim-whitman-s-1976-01-24,
"Queen fly to New York to begin their third American tour, with new tour manager Gerry Stickells","Queen fly to New York to begin their third American tour, with new tour manager Gerry Stickells.",1976-01-20,ExactDate,Concert,30,AsItBeganBook,queen-fly-to-new-york-to-begin-their-third-american-tour-with-new-tour-manager-gerry-stickells-1976-01-20,
"Brian May marries longtime girlfriend Chrissy Mullen at St Osmund's Roman Catholic Church, Castlenau, Barnes","Brian May marries longtime girlfriend Chrissy Mullen at St Osmund's Roman Catholic Church, Castlenau, Barnes.",1976-05-29,ExactDate,SiteHistory,30,AsItBeganBook,brian-may-marries-longtime-girlfriend-chrissy-mullen-at-st-osmund-s-roman-catholic-church-castlenau-barnes-1976-05-29,
"EMI releases 'You're My Best Friend', John Deacon's first single as sole writer, reaching UK number 7","EMI releases 'You're My Best Friend', John Deacon's first single as sole writer, reaching UK number 7.",1976-06-18,ExactDate,Release,30,AsItBeganBook,emi-releases-you-re-my-best-friend-john-deacon-s-first-single-as-sole-writer-reaching-uk-number-7-1976-06-18,
"Queen play a free concert in Hyde Park, London, to an estimated 150,000-200,000 fans - the largest crowd of their...","Queen play a free concert in Hyde Park, London, to an estimated 150,000-200,000 fans - the largest crowd of their career to date.",1976-09-18,ExactDate,Concert,30,AsItBeganBook,queen-play-a-free-concert-in-hyde-park-london-to-an-estimated-150-000-200-000-fans-the-largest-crowd-of-their-1976-09-18,
"Recording of A Day At The Races wraps up; the band bet on and all back the same winning horse, Lanzarote, at a...","Recording of A Day At The Races wraps up; the band bet on and all back the same winning horse, Lanzarote, at a promotional race day at Kempton Park.",1976-10,MonthYear,Recording,30,AsItBeganBook,recording-of-a-day-at-the-races-wraps-up-the-band-bet-on-and-all-back-the-same-winning-horse-lanzarote-at-a-1976-10,
"A Day At The Races is released, going on to become Queen's second UK number one album","A Day At The Races is released, going on to become Queen's second UK number one album.",1976-12-10,ExactDate,Release,30,AsItBeganBook,a-day-at-the-races-is-released-going-on-to-become-queen-s-second-uk-number-one-album-1976-12-10,
"Queen open their extensive North American tour at the Milwaukee Auditorium, on the coldest night in Milwaukee in a...","Queen open their extensive North American tour at the Milwaukee Auditorium, on the coldest night in Milwaukee in a hundred years.",1977-01-13,ExactDate,Concert,30,AsItBeganBook,queen-open-their-extensive-north-american-tour-at-the-milwaukee-auditorium-on-the-coldest-night-in-milwaukee-in-a-1977-01-13,
"Queen play Madison Square Garden, New York, for the first time","Queen play Madison Square Garden, New York, for the first time.",1977-02-05,ExactDate,SiteHistory,30,AsItBeganBook,queen-play-madison-square-garden-new-york-for-the-first-time-1977-02-05,
"'Teo Torriatte', written by Brian with Japanese lyrics, is released as a single in Japan only","'Teo Torriatte', written by Brian with Japanese lyrics, is released as a single in Japan only.",1977-03-25,ExactDate,Release,30,AsItBeganBook,teo-torriatte-written-by-brian-with-japanese-lyrics-is-released-as-a-single-in-japan-only-1977-03-25,
"Queen's European tour opens in Stockholm, Sweden","Queen's European tour opens in Stockholm, Sweden.",1977-05-07,ExactDate,Concert,30,AsItBeganBook,queen-s-european-tour-opens-in-stockholm-sweden-1977-05-07,
"EMI releases Queen's first-ever EP, featuring 'Good Old-Fashioned Lover Boy', 'Death On Two Legs', 'Tenement...","EMI releases Queen's first-ever EP, featuring 'Good Old-Fashioned Lover Boy', 'Death On Two Legs', 'Tenement Funster' and 'White Queen'.",1977-05-20,ExactDate,Release,30,AsItBeganBook,emi-releases-queen-s-first-ever-ep-featuring-good-old-fashioned-lover-boy-death-on-two-legs-tenement-1977-05-20,
"Queen play two shows at Earls Court, London, debuting the enormous 'Crown' lighting rig (26ft tall, 5,000lb, costing...","Queen play two shows at Earls Court, London, debuting the enormous 'Crown' lighting rig (26ft tall, 5,000lb, costing £50,000); second-night proceeds go to the Queen Elizabeth II Jubilee Fund.",1977-06-06,ExactDate,Concert,30,AsItBeganBook,queen-play-two-shows-at-earls-court-london-debuting-the-enormous-crown-lighting-rig-26ft-tall-5-000lb-costing-1977-06-06,
"Roger Taylor's debut solo single, 'I Wanna Testify', is released; he played all the instruments and funded it himself","Roger Taylor's debut solo single, 'I Wanna Testify', is released; he played all the instruments and funded it himself.",1977-08-26,ExactDate,Release,30,AsItBeganBook,roger-taylor-s-debut-solo-single-i-wanna-testify-is-released-he-played-all-the-instruments-and-funded-it-himself-1977-08-26,
"'We Are The Champions' (b/w 'We Will Rock You') is released, becoming Queen's first US number one (on the Record...","'We Are The Champions' (b/w 'We Will Rock You') is released, becoming Queen's first US number one (on the Record World chart).",1977-10-07,ExactDate,Release,30,AsItBeganBook,we-are-the-champions-b-w-we-will-rock-you-is-released-becoming-queen-s-first-us-number-one-on-the-record-1977-10-07,
"Queen receive a Britannia Award for 'Bohemian Rhapsody' as best British single of the past 25 years, presented by...","Queen receive a Britannia Award for 'Bohemian Rhapsody' as best British single of the past 25 years, presented by Michael Aspel.",1977-10-17,ExactDate,Release,30,AsItBeganBook,queen-receive-a-britannia-award-for-bohemian-rhapsody-as-best-british-single-of-the-past-25-years-presented-by-1977-10-17,
"News Of The World is released, featuring Frank Kelly Freas's robot artwork on the cover","News Of The World is released, featuring Frank Kelly Freas's robot artwork on the cover.",1977-10-28,ExactDate,Release,30,AsItBeganBook,news-of-the-world-is-released-featuring-frank-kelly-freas-s-robot-artwork-on-the-cover-1977-10-28,
"Queen begin tour rehearsals at the Metro Coliseum, New Haven; John Deacon shocks everyone by arriving with an almost...","Queen begin tour rehearsals at the Metro Coliseum, New Haven; John Deacon shocks everyone by arriving with an almost shaved head.",1977-11-07,ExactDate,Concert,30,AsItBeganBook,queen-begin-tour-rehearsals-at-the-metro-coliseum-new-haven-john-deacon-shocks-everyone-by-arriving-with-an-almost-1977-11-07,
Queen's US tour opens in Portland with a new staging of 'We Will Rock You',Queen's US tour opens in Portland with a new staging of 'We Will Rock You'.,1977-11-11,ExactDate,Concert,30,AsItBeganBook,queen-s-us-tour-opens-in-portland-with-a-new-staging-of-we-will-rock-you-1977-11-11,
"Queen play the University of Dayton arena despite an unheated hall and cancelled flights, chartering a private plane...","Queen play the University of Dayton arena despite an unheated hall and cancelled flights, chartering a private plane to get there.",1977-12-04,ExactDate,SiteHistory,30,AsItBeganBook,queen-play-the-university-of-dayton-arena-despite-an-unheated-hall-and-cancelled-flights-chartering-a-private-plane-1977-12-04,
"Queen close a three-night run at the Los Angeles Forum with an elaborate Christmas-themed encore featuring dancers,...","Queen close a three-night run at the Los Angeles Forum with an elaborate Christmas-themed encore featuring dancers, John Reid as an elf, and Father Christmas.",1977-12-22,ExactDate,SiteHistory,30,AsItBeganBook,queen-close-a-three-night-run-at-the-los-angeles-forum-with-an-elaborate-christmas-themed-encore-featuring-dancers-1977-12-22,
Queen fly home to the UK for Christmas after their exhausting US tour,Queen fly home to the UK for Christmas after their exhausting US tour.,1977-12-24,ExactDate,Concert,30,AsItBeganBook,queen-fly-home-to-the-uk-for-christmas-after-their-exhausting-us-tour-1977-12-24,
"John and Veronica Deacon's second son, Michael, is born","John and Veronica Deacon's second son, Michael, is born.",1978-02-03,ExactDate,Birthday,30,AsItBeganBook,john-and-veronica-deacon-s-second-son-michael-is-born-1978-02-03,
"Queen fly out to begin a European tour, opening in Stockholm on 12 April","Queen fly out to begin a European tour, opening in Stockholm on 12 April.",1978-04-09,ExactDate,Concert,30,AsItBeganBook,queen-fly-out-to-begin-a-european-tour-opening-in-stockholm-on-12-april-1978-04-09,
Queen play the Pavilion de Paris amid tight police crowd restrictions,Queen play the Pavilion de Paris amid tight police crowd restrictions.,1978-04-23,ExactDate,SiteHistory,30,AsItBeganBook,queen-play-the-pavilion-de-paris-amid-tight-police-crowd-restrictions-1978-04-23,
Elektra releases an edited 'It's Late' as a US single; it peaks at only number 74 on Billboard,Elektra releases an edited 'It's Late' as a US single; it peaks at only number 74 on Billboard.,1978-04-25,ExactDate,Release,30,AsItBeganBook,elektra-releases-an-edited-it-s-late-as-a-us-single-it-peaks-at-only-number-74-on-billboard-1978-04-25,
"Queen play two shows at Bingley Hall, Stafford; Freddie debuts a PVC jacket-and-trousers look, followed by a...","Queen play two shows at Bingley Hall, Stafford; Freddie debuts a PVC jacket-and-trousers look, followed by a sequinned hot-pant jumpsuit for the encore.",1978-05-06,ExactDate,Concert,30,AsItBeganBook,queen-play-two-shows-at-bingley-hall-stafford-freddie-debuts-a-pvc-jacket-and-trousers-look-followed-by-a-1978-05-06,
Queen close their UK tour at the Empire Pool with a standout performance of 'White Queen',Queen close their UK tour at the Empire Pool with a standout performance of 'White Queen'.,1978-05-13,ExactDate,Concert,30,AsItBeganBook,queen-close-their-uk-tour-at-the-empire-pool-with-a-standout-performance-of-white-queen-1978-05-13,
"Brian May's first child, James ('Jimmy'), is born to Brian and Chrissy","Brian May's first child, James ('Jimmy'), is born to Brian and Chrissy.",1978-06-15,ExactDate,Birthday,30,AsItBeganBook,brian-may-s-first-child-james-jimmy-is-born-to-brian-and-chrissy-1978-06-15,
Brian celebrates his birthday in Toronto during his 'year out',Brian celebrates his birthday in Toronto during his 'year out'.,1978-07-19,ExactDate,SiteHistory,30,AsItBeganBook,brian-celebrates-his-birthday-in-toronto-during-his-year-out-1978-07-19,
Sixty-five naked models are filmed racing bicycles at Wimbledon Stadium for the 'Bicycle Race' / 'Fat Bottomed...,Sixty-five naked models are filmed racing bicycles at Wimbledon Stadium for the 'Bicycle Race' / 'Fat Bottomed Girls' single artwork and promo.,1978-09-17,ExactDate,Release,30,AsItBeganBook,sixty-five-naked-models-are-filmed-racing-bicycles-at-wimbledon-stadium-for-the-bicycle-race-fat-bottomed-1978-09-17,
'Fat Bottomed Girls' / 'Bicycle Race' is released as a double-A-side single; its cover (a naked cyclist's rear view)...,'Fat Bottomed Girls' / 'Bicycle Race' is released as a double-A-side single; its cover (a naked cyclist's rear view) causes controversy and later pressings add drawn-on underwear.,1978-10-13,ExactDate,Release,30,AsItBeganBook,fat-bottomed-girls-bicycle-race-is-released-as-a-double-a-side-single-its-cover-a-naked-cyclist-s-rear-view-1978-10-13,
"Queen's US tour opens at the Dallas Convention Centre, debuting the huge new 'Pizza Oven' lighting rig","Queen's US tour opens at the Dallas Convention Centre, debuting the huge new 'Pizza Oven' lighting rig.",1978-10-28,ExactDate,Concert,30,AsItBeganBook,queen-s-us-tour-opens-at-the-dallas-convention-centre-debuting-the-huge-new-pizza-oven-lighting-rig-1978-10-28,
"Following a New Orleans show, Queen throw an outrageous pre-launch party for the album Jazz at the Fairmont Hotel,...","Following a New Orleans show, Queen throw an outrageous pre-launch party for the album Jazz at the Fairmont Hotel, attended by both EMI and Elektra executives together for the first time.",1978-10-31,ExactDate,Release,30,AsItBeganBook,following-a-new-orleans-show-queen-throw-an-outrageous-pre-launch-party-for-the-album-jazz-at-the-fairmont-hotel-1978-10-31,
"EMI releases Jazz, Queen's seventh album, with its title and cover inspired by graffiti Roger spotted on the Berlin Wall","EMI releases Jazz, Queen's seventh album, with its title and cover inspired by graffiti Roger spotted on the Berlin Wall.",1978-11-10,ExactDate,Release,30,AsItBeganBook,emi-releases-jazz-queen-s-seventh-album-with-its-title-and-cover-inspired-by-graffiti-roger-spotted-on-the-berlin-wall-1978-11-10,
Queen fly to Hamburg to begin their biggest European tour yet - 28 dates,Queen fly to Hamburg to begin their biggest European tour yet - 28 dates.,1979-01-12,ExactDate,Concert,30,AsItBeganBook,queen-fly-to-hamburg-to-begin-their-biggest-european-tour-yet-28-dates-1979-01-12,
"John and Veronica Deacon's third child and first daughter, Laura, is born","John and Veronica Deacon's third child and first daughter, Laura, is born.",1979-06-25,ExactDate,Birthday,30,AsItBeganBook,john-and-veronica-deacon-s-third-child-and-first-daughter-laura-is-born-1979-06-25,
Freddie and Roger's request to hold a concert on Wimbledon's Centre Court is turned down by the All England Lawn...,Freddie and Roger's request to hold a concert on Wimbledon's Centre Court is turned down by the All England Lawn Tennis Club.,1979-06,MonthYear,Concert,30,AsItBeganBook,freddie-and-roger-s-request-to-hold-a-concert-on-wimbledon-s-centre-court-is-turned-down-by-the-all-england-lawn-1979-06,
"Queen headline the Ludwigparkstadion festival in Saarbrucken, Germany, to a record crowd of 30,000; Roger's...","Queen headline the Ludwigparkstadion festival in Saarbrucken, Germany, to a record crowd of 30,000; Roger's hair-bleaching mishap turns his hair green just before the show.",1979-08-18,ExactDate,Recording,30,AsItBeganBook,queen-headline-the-ludwigparkstadion-festival-in-saarbrucken-germany-to-a-record-crowd-of-30-000-roger-s-1979-08-18,
"Freddie performs specially choreographed dance pieces with the Royal Ballet at the London Coliseum, a charity...","Freddie performs specially choreographed dance pieces with the Royal Ballet at the London Coliseum, a charity benefit; he meets dresser Peter Freestone, who becomes his personal assistant.",1979-10-07,ExactDate,SiteHistory,30,AsItBeganBook,freddie-performs-specially-choreographed-dance-pieces-with-the-royal-ballet-at-the-london-coliseum-a-charity-1979-10-07,
"Queen's 'Crazy Tour' of Britain opens at Birmingham NEC, drawing a record indoor attendance of 14,000","Queen's 'Crazy Tour' of Britain opens at Birmingham NEC, drawing a record indoor attendance of 14,000.",1979-11-24,ExactDate,Concert,30,AsItBeganBook,queen-s-crazy-tour-of-britain-opens-at-birmingham-nec-drawing-a-record-indoor-attendance-of-14-000-1979-11-24,
"The Crazy Tour reaches London's Lyceum Ballroom; Paul McCartney, booked to play the venue soon after, agrees to...","The Crazy Tour reaches London's Lyceum Ballroom; Paul McCartney, booked to play the venue soon after, agrees to split the cost of roof modifications for the lighting rig.",1979-12-13,ExactDate,Concert,30,AsItBeganBook,the-crazy-tour-reaches-london-s-lyceum-ballroom-paul-mccartney-booked-to-play-the-venue-soon-after-agrees-to-1979-12-13,
"Queen play the tiny Mayfair club in Tottenham, too small to fit a lighting rig","Queen play the tiny Mayfair club in Tottenham, too small to fit a lighting rig.",1979-12-19,ExactDate,SiteHistory,30,AsItBeganBook,queen-play-the-tiny-mayfair-club-in-tottenham-too-small-to-fit-a-lighting-rig-1979-12-19,
"Queen play the opening night of the Concerts for the People of Kampuchea at Hammersmith Odeon, the only band to...","Queen play the opening night of the Concerts for the People of Kampuchea at Hammersmith Odeon, the only band to perform a full set that night.",1979-12-26,ExactDate,Concert,30,AsItBeganBook,queen-play-the-opening-night-of-the-concerts-for-the-people-of-kampuchea-at-hammersmith-odeon-the-only-band-to-1979-12-26,
"Roger Taylor and Dominique Beyrand's son Felix Luther is born ten weeks premature, weighing just two pounds","Roger Taylor and Dominique Beyrand's son Felix Luther is born ten weeks premature, weighing just two pounds.",1980-05-22,ExactDate,Birthday,30,AsItBeganBook,roger-taylor-and-dominique-beyrand-s-son-felix-luther-is-born-ten-weeks-premature-weighing-just-two-pounds-1980-05-22,
"Queen fly to Los Angeles to begin rehearsals for their US tour, debuting the 'Fly Swatter' lighting rig","Queen fly to Los Angeles to begin rehearsals for their US tour, debuting the 'Fly Swatter' lighting rig.",1980-06-19,ExactDate,Concert,30,AsItBeganBook,queen-fly-to-los-angeles-to-begin-rehearsals-for-their-us-tour-debuting-the-fly-swatter-lighting-rig-1980-06-19,
"The Game is released, going straight to UK number one","The Game is released, going straight to UK number one.",1980-06-30,ExactDate,Release,30,AsItBeganBook,the-game-is-released-going-straight-to-uk-number-one-1980-06-30,
Queen become the first band to play Birmingham's new purpose-built Exhibition Centre,Queen become the first band to play Birmingham's new purpose-built Exhibition Centre.,1980-12-05,ExactDate,SiteHistory,30,AsItBeganBook,queen-become-the-first-band-to-play-birmingham-s-new-purpose-built-exhibition-centre-1980-12-05,
"During a Wembley Arena show, news breaks that John Lennon has been shot dead; Queen play an emotional tribute...","During a Wembley Arena show, news breaks that John Lennon has been shot dead; Queen play an emotional tribute version of 'Imagine'.",1980-12-09,ExactDate,SiteHistory,30,AsItBeganBook,during-a-wembley-arena-show-news-breaks-that-john-lennon-has-been-shot-dead-queen-play-an-emotional-tribute-1980-12-09,
Queen's European tour concludes,Queen's European tour concludes.,1980-12-19,ExactDate,Concert,30,AsItBeganBook,queen-s-european-tour-concludes-1980-12-19,
Queen attend the Japanese premiere of Flash Gordon as guests of honour,Queen attend the Japanese premiere of Flash Gordon as guests of honour.,1981-02-10,ExactDate,SiteHistory,30,AsItBeganBook,queen-attend-the-japanese-premiere-of-flash-gordon-as-guests-of-honour-1981-02-10,
Queen begin a sold-out five-night run at Tokyo's Budokan Hall,Queen begin a sold-out five-night run at Tokyo's Budokan Hall.,1981-02-12,ExactDate,SiteHistory,30,AsItBeganBook,queen-begin-a-sold-out-five-night-run-at-tokyo-s-budokan-hall-1981-02-12,
"Queen land in Buenos Aires to a massive fan reception, kicking off what became known as the 'Tour Of A Million No...","Queen land in Buenos Aires to a massive fan reception, kicking off what became known as the 'Tour Of A Million No Problems'.",1981-02-23,ExactDate,Concert,30,AsItBeganBook,queen-land-in-buenos-aires-to-a-massive-fan-reception-kicking-off-what-became-known-as-the-tour-of-a-million-no-1981-02-23,
"Queen play their first South American concert, at Velez Sarsfield stadium, Buenos Aires, to 54,000 fans","Queen play their first South American concert, at Velez Sarsfield stadium, Buenos Aires, to 54,000 fans.",1981-02-28,ExactDate,Concert,30,AsItBeganBook,queen-play-their-first-south-american-concert-at-velez-sarsfield-stadium-buenos-aires-to-54-000-fans-1981-02-28,
"Queen play to 131,000 people at Morumbi Stadium, Sao Paulo - then the largest paying audience for a single band...","Queen play to 131,000 people at Morumbi Stadium, Sao Paulo - then the largest paying audience for a single band anywhere in the world.",1981-03-20,ExactDate,Concert,30,AsItBeganBook,queen-play-to-131-000-people-at-morumbi-stadium-sao-paulo-then-the-largest-paying-audience-for-a-single-band-1981-03-20,
"Roger Taylor releases his second solo single, 'Future Management'","Roger Taylor releases his second solo single, 'Future Management'.",1981-03-30,ExactDate,Release,30,AsItBeganBook,roger-taylor-releases-his-second-solo-single-future-management-1981-03-30,
Brian and Chrissy May's daughter Louisa is born,Brian and Chrissy May's daughter Louisa is born.,1981-05-22,ExactDate,Birthday,30,AsItBeganBook,brian-and-chrissy-may-s-daughter-louisa-is-born-1981-05-22,
"Roger releases 'My Country', his third solo single, from Fun In Space","Roger releases 'My Country', his third solo single, from Fun In Space.",1981-06-29,ExactDate,Release,30,AsItBeganBook,roger-releases-my-country-his-third-solo-single-from-fun-in-space-1981-06-29,
Freddie celebrates his birthday by flying his closest friends to New York on Concorde for a five-day party at the...,Freddie celebrates his birthday by flying his closest friends to New York on Concorde for a five-day party at the Berkshire Hotel.,1981-09-05,ExactDate,SiteHistory,30,AsItBeganBook,freddie-celebrates-his-birthday-by-flying-his-closest-friends-to-new-york-on-concorde-for-a-five-day-party-at-the-1981-09-05,
"Queen play the first of five planned shows at the Poliedro de Caracas, Venezuela, amid the declining health of...","Queen play the first of five planned shows at the Poliedro de Caracas, Venezuela, amid the declining health of former president Romulo Betancourt.",1981-09-25,ExactDate,Concert,30,AsItBeganBook,queen-play-the-first-of-five-planned-shows-at-the-poliedro-de-caracas-venezuela-amid-the-declining-health-of-1981-09-25,
"During a live Venezuelan TV appearance, news breaks (then is retracted, then confirmed) that Betancourt has died,...","During a live Venezuelan TV appearance, news breaks (then is retracted, then confirmed) that Betancourt has died, plunging the country into mourning and forcing cancellation of the tour's last two shows.",1981-09-28,ExactDate,Concert,30,AsItBeganBook,during-a-live-venezuelan-tv-appearance-news-breaks-then-is-retracted-then-confirmed-that-betancourt-has-died-1981-09-28,
"Queen play their first-ever gig in Mexico, at the University Stadium in Monterrey","Queen play their first-ever gig in Mexico, at the University Stadium in Monterrey.",1981-10-09,ExactDate,Concert,30,AsItBeganBook,queen-play-their-first-ever-gig-in-mexico-at-the-university-stadium-in-monterrey-1981-10-09,
"Queen play Cuauhtemoc Stadium in Puebla, Mexico, where fans pelt the stage with objects (including batteries) out of...","Queen play Cuauhtemoc Stadium in Puebla, Mexico, where fans pelt the stage with objects (including batteries) out of appreciation; personal manager Paul Prenter is the only one hit.",1981-10-16,ExactDate,SiteHistory,30,AsItBeganBook,queen-play-cuauhtemoc-stadium-in-puebla-mexico-where-fans-pelt-the-stage-with-objects-including-batteries-out-of-1981-10-16,
"Greatest Flix, a compilation of Queen's promotional videos, is released in the UK","Greatest Flix, a compilation of Queen's promotional videos, is released in the UK.",1981-10-19,ExactDate,Release,30,AsItBeganBook,greatest-flix-a-compilation-of-queen-s-promotional-videos-is-released-in-the-uk-1981-10-19,
"Greatest Hits is released in the UK, going on to become Queen's biggest-selling album; the following week it topped...","Greatest Hits is released in the UK, going on to become Queen's biggest-selling album; the following week it topped the album, singles and video charts simultaneously.",1981-11-02,ExactDate,Release,30,AsItBeganBook,greatest-hits-is-released-in-the-uk-going-on-to-become-queen-s-biggest-selling-album-the-following-week-it-topped-1981-11-02,
"Queen play two special concerts in Montreal, filmed in 70mm for what became the We Will Rock You concert film - the...","Queen play two special concerts in Montreal, filmed in 70mm for what became the We Will Rock You concert film - the first performance of 'Under Pressure' without David Bowie.",1981-11-24,ExactDate,Concert,30,AsItBeganBook,queen-play-two-special-concerts-in-montreal-filmed-in-70mm-for-what-became-the-we-will-rock-you-concert-film-the-1981-11-24,
Queen perform a charity concert with the Royal Philharmonic Orchestra and Royal Choral Society at the Royal Albert...,Queen perform a charity concert with the Royal Philharmonic Orchestra and Royal Choral Society at the Royal Albert Hall in aid of leukaemia research.,1981-12-08,ExactDate,Concert,30,AsItBeganBook,queen-perform-a-charity-concert-with-the-royal-philharmonic-orchestra-and-royal-choral-society-at-the-royal-albert-1981-12-08,
Queen sign a new six-album contract with EMI for the UK and Europe,Queen sign a new six-album contract with EMI for the UK and Europe.,1982-04-01,ExactDate,Release,30,AsItBeganBook,queen-sign-a-new-six-album-contract-with-emi-for-the-uk-and-europe-1982-04-01,
"Hot Space is released, marking a stylistic shift toward funk/disco that divides fans","Hot Space is released, marking a stylistic shift toward funk/disco that divides fans.",1982-05-21,ExactDate,Release,30,AsItBeganBook,hot-space-is-released-marking-a-stylistic-shift-toward-funk-disco-that-divides-fans-1982-05-21,
"Queen play Elland Road football ground in Leeds to 38,000 fans - a show Brian later called one of the band's best ever","Queen play Elland Road football ground in Leeds to 38,000 fans - a show Brian later called one of the band's best ever.",1982-05-29,ExactDate,Concert,30,AsItBeganBook,queen-play-elland-road-football-ground-in-leeds-to-38-000-fans-a-show-brian-later-called-one-of-the-band-s-best-ever-1982-05-29,
"Queen play two shows at Ingliston Agricultural Hall, Edinburgh","Queen play two shows at Ingliston Agricultural Hall, Edinburgh.",1982-06-01,ExactDate,Concert,30,AsItBeganBook,queen-play-two-shows-at-ingliston-agricultural-hall-edinburgh-1982-06-01,
"Queen play the Milton Keynes Bowl, filmed for TV by Tyne Tees Television","Queen play the Milton Keynes Bowl, filmed for TV by Tyne Tees Television.",1982-06-05,ExactDate,TVRadio,30,AsItBeganBook,queen-play-the-milton-keynes-bowl-filmed-for-tv-by-tyne-tees-television-1982-06-05,
"Queen appear on Top of the Pops for the first time in five years, performing 'Las Palabras de Amor'","Queen appear on Top of the Pops for the first time in five years, performing 'Las Palabras de Amor'.",1982-06-10,ExactDate,TVRadio,30,AsItBeganBook,queen-appear-on-top-of-the-pops-for-the-first-time-in-five-years-performing-las-palabras-de-amor-1982-06-10,
"The city of Boston declares an official 'Queen Day', presenting the band with the keys to the city","The city of Boston declares an official 'Queen Day', presenting the band with the keys to the city.",1982-07-23,ExactDate,SiteHistory,30,AsItBeganBook,the-city-of-boston-declares-an-official-queen-day-presenting-the-band-with-the-keys-to-the-city-1982-07-23,
"Queen's North American tour concludes at the Inglewood Forum, Los Angeles","Queen's North American tour concludes at the Inglewood Forum, Los Angeles.",1982-09-15,ExactDate,Concert,30,AsItBeganBook,queen-s-north-american-tour-concludes-at-the-inglewood-forum-los-angeles-1982-09-15,
"Queen fly to Japan to begin a tour; an unauthorized Smile compilation, Gettin' Smile, is released there around the...","Queen fly to Japan to begin a tour; an unauthorized Smile compilation, Gettin' Smile, is released there around the same time.",1982-10-15,ExactDate,Concert,30,AsItBeganBook,queen-fly-to-japan-to-begin-a-tour-an-unauthorized-smile-compilation-gettin-smile-is-released-there-around-the-1982-10-15,
"Elektra Records releases 'Staying Power' as Queen's final single with the label; it fails to chart, and Queen's...","Elektra Records releases 'Staying Power' as Queen's final single with the label; it fails to chart, and Queen's Elektra contract for Australia/NZ expires the following month.",1982-11-23,ExactDate,Release,30,AsItBeganBook,elektra-records-releases-staying-power-as-queen-s-final-single-with-the-label-it-fails-to-chart-and-queen-s-1982-11-23,
Queen unanimously agree to take a year off from touring together in 1983,Queen unanimously agree to take a year off from touring together in 1983.,1982,YearOnly,SiteHistory,30,AsItBeganBook,queen-unanimously-agree-to-take-a-year-off-from-touring-together-in-1983-1982,
"Brian May gathers Eddie Van Halen, Fred Mandell, Phil Chen and Alan Gratzer for an all-day jam session at LA's...","Brian May gathers Eddie Van Halen, Fred Mandell, Phil Chen and Alan Gratzer for an all-day jam session at LA's Record Plant, later released as the Star Fleet Project.",1983-04,MonthYear,Release,30,AsItBeganBook,brian-may-gathers-eddie-van-halen-fred-mandell-phil-chen-and-alan-gratzer-for-an-all-day-jam-session-at-la-s-1983-04,
The We Will Rock You concert film premieres at the Cannes Film Festival,The We Will Rock You concert film premieres at the Cannes Film Festival.,1983-05-05,ExactDate,Concert,30,AsItBeganBook,the-we-will-rock-you-concert-film-premieres-at-the-cannes-film-festival-1983-05-05,
"Brian May's solo single 'Star Fleet', credited to Brian May and Friends, is released in the UK","Brian May's solo single 'Star Fleet', credited to Brian May and Friends, is released in the UK.",1983-10-24,ExactDate,Release,30,AsItBeganBook,brian-may-s-solo-single-star-fleet-credited-to-brian-may-and-friends-is-released-in-the-uk-1983-10-24,
Queen sign a new record deal with Capitol Records in the US,Queen sign a new record deal with Capitol Records in the US.,1983-10-26,ExactDate,Recording,30,AsItBeganBook,queen-sign-a-new-record-deal-with-capitol-records-in-the-us-1983-10-26,
"The Star Fleet Project mini-album is released in the UK, reaching number one on the UK Heavy Metal chart","The Star Fleet Project mini-album is released in the UK, reaching number one on the UK Heavy Metal chart.",1983-10-31,ExactDate,Release,30,AsItBeganBook,the-star-fleet-project-mini-album-is-released-in-the-uk-reaching-number-one-on-the-uk-heavy-metal-chart-1983-10-31,
"500 fan club volunteers spend a full day filming the elaborate 'Radio Ga Ga' video at Shepperton Studios, costing...","500 fan club volunteers spend a full day filming the elaborate 'Radio Ga Ga' video at Shepperton Studios, costing over £110,000.",1983-11-23,ExactDate,TVRadio,30,AsItBeganBook,500-fan-club-volunteers-spend-a-full-day-filming-the-elaborate-radio-ga-ga-video-at-shepperton-studios-costing-1983-11-23,
"John and Veronica Deacon's fourth child, Joshua, is born","John and Veronica Deacon's fourth child, Joshua, is born.",1983-12-13,ExactDate,Birthday,30,AsItBeganBook,john-and-veronica-deacon-s-fourth-child-joshua-is-born-1983-12-13,
Queen perform 'Radio Ga Ga' at the San Remo song festival in Italy - their first time ever playing in the country,Queen perform 'Radio Ga Ga' at the San Remo song festival in Italy - their first time ever playing in the country.,1984-02-03,ExactDate,TVRadio,30,AsItBeganBook,queen-perform-radio-ga-ga-at-the-san-remo-song-festival-in-italy-their-first-time-ever-playing-in-the-country-1984-02-03,
The Works is released in the US by Capitol Records,The Works is released in the US by Capitol Records.,1984-02-24,ExactDate,Release,30,AsItBeganBook,the-works-is-released-in-the-us-by-capitol-records-1984-02-24,
"The Works is released in the UK, entering the chart at number 2, with cover photography by Hollywood photographer...","The Works is released in the UK, entering the chart at number 2, with cover photography by Hollywood photographer George Hurrell.",1984-02-27,ExactDate,Release,30,AsItBeganBook,the-works-is-released-in-the-uk-entering-the-chart-at-number-2-with-cover-photography-by-hollywood-photographer-1984-02-27,
"Filming begins on the 'I Want To Break Free' video, including Queen's famous cross-dressing sequence inspired by...","Filming begins on the 'I Want To Break Free' video, including Queen's famous cross-dressing sequence inspired by Roger's girlfriend Dominique's idea to spoof Coronation Street.",1984-03-22,ExactDate,SiteHistory,30,AsItBeganBook,filming-begins-on-the-i-want-to-break-free-video-including-queen-s-famous-cross-dressing-sequence-inspired-by-1984-03-22,
Roger and John undertake a promotional tour of Japan for The Works,Roger and John undertake a promotional tour of Japan for The Works.,1984-03-24,ExactDate,Concert,30,AsItBeganBook,roger-and-john-undertake-a-promotional-tour-of-japan-for-the-works-1984-03-24,
"Roger and John visit South Korea for the first time, doing live Korean television interviews via halting translation","Roger and John visit South Korea for the first time, doing live Korean television interviews via halting translation.",1984-03-30,ExactDate,TVRadio,30,AsItBeganBook,roger-and-john-visit-south-korea-for-the-first-time-doing-live-korean-television-interviews-via-halting-translation-1984-03-30,
Freddie shaves off his moustache and films the Nijinsky-inspired ballet sequence for the 'I Want To Break Free'...,Freddie shaves off his moustache and films the Nijinsky-inspired ballet sequence for the 'I Want To Break Free' video with the Royal Ballet.,1984-04-05,ExactDate,SiteHistory,30,AsItBeganBook,freddie-shaves-off-his-moustache-and-films-the-nijinsky-inspired-ballet-sequence-for-the-i-want-to-break-free-1984-04-05,
Queen perform (mimed) at the Golden Rose pop festival in Switzerland,Queen perform (mimed) at the Golden Rose pop festival in Switzerland.,1984-05-12,ExactDate,SiteHistory,30,AsItBeganBook,queen-perform-mimed-at-the-golden-rose-pop-festival-in-switzerland-1984-05-12,
"Freddie tears knee ligaments in a drunken fall at Munich club Henderson's, spending three weeks in a cast","Freddie tears knee ligaments in a drunken fall at Munich club Henderson's, spending three weeks in a cast.",1984-05,MonthYear,SiteHistory,30,AsItBeganBook,freddie-tears-knee-ligaments-in-a-drunken-fall-at-munich-club-henderson-s-spending-three-weeks-in-a-cast-1984-05,
"Roger Taylor's second solo album, Strange Frontier, is released","Roger Taylor's second solo album, Strange Frontier, is released.",1984-06-25,ExactDate,Release,30,AsItBeganBook,roger-taylor-s-second-solo-album-strange-frontier-is-released-1984-06-25,
Queen's European tour opens in Brussels at the Forest Nationale,Queen's European tour opens in Brussels at the Forest Nationale.,1984-08-23,ExactDate,Concert,30,AsItBeganBook,queen-s-european-tour-opens-in-brussels-at-the-forest-nationale-1984-08-23,
Queen play their first London date of the tour at Wembley Arena; Freddie dons false breasts for the encore,Queen play their first London date of the tour at Wembley Arena; Freddie dons false breasts for the encore.,1984-09-04,ExactDate,Concert,30,AsItBeganBook,queen-play-their-first-london-date-of-the-tour-at-wembley-arena-freddie-dons-false-breasts-for-the-encore-1984-09-04,
"Freddie slips and re-injures his knee ligaments on stage in Hannover during 'Hammer To Fall', finishing the show...","Freddie slips and re-injures his knee ligaments on stage in Hannover during 'Hammer To Fall', finishing the show from a piano stool.",1984-09-22,ExactDate,SiteHistory,30,AsItBeganBook,freddie-slips-and-re-injures-his-knee-ligaments-on-stage-in-hannover-during-hammer-to-fall-finishing-the-show-1984-09-22,
Queen's European tour concludes in Vienna; they fly to South Africa days later,Queen's European tour concludes in Vienna; they fly to South Africa days later.,1984-09-30,ExactDate,Concert,30,AsItBeganBook,queen-s-european-tour-concludes-in-vienna-they-fly-to-south-africa-days-later-1984-09-30,
"Queen open a controversial twelve-date run at Sun City, Bophuthatswana, South Africa; Freddie's voice gives out...","Queen open a controversial twelve-date run at Sun City, Bophuthatswana, South Africa; Freddie's voice gives out fifteen minutes into the first show, forcing cancellation of the next four nights.",1984-10-05,ExactDate,SiteHistory,30,AsItBeganBook,queen-open-a-controversial-twelve-date-run-at-sun-city-bophuthatswana-south-africa-freddie-s-voice-gives-out-1984-10-05,
"Brian May travels to Soweto, against Sun City's advice, to present awards at an annual Black African Awards Show...","Brian May travels to Soweto, against Sun City's advice, to present awards at an annual Black African Awards Show honouring Black musicians.",1984-10,MonthYear,SiteHistory,30,AsItBeganBook,brian-may-travels-to-soweto-against-sun-city-s-advice-to-present-awards-at-an-annual-black-african-awards-show-1984-10,
Queen release The Works Video EP,Queen release The Works Video EP.,1984-11-19,ExactDate,Release,30,AsItBeganBook,queen-release-the-works-video-ep-1984-11-19,
Queen depart for Rio de Janeiro to headline the first Rock in Rio festival,Queen depart for Rio de Janeiro to headline the first Rock in Rio festival.,1985-01-06,ExactDate,SiteHistory,30,AsItBeganBook,queen-depart-for-rio-de-janeiro-to-headline-the-first-rock-in-rio-festival-1985-01-06,
"Queen close the first night of Rock in Rio at 2am to a record-breaking crowd of 250,000-plus; some fans throw...","Queen close the first night of Rock in Rio at 2am to a record-breaking crowd of 250,000-plus; some fans throw objects during Freddie's 'Break Free' costume encore, which they saw as mocking a beloved liberation anthem.",1985-01-12,ExactDate,Recording,30,AsItBeganBook,queen-close-the-first-night-of-rock-in-rio-at-2am-to-a-record-breaking-crowd-of-250-000-plus-some-fans-throw-1985-01-12,
"Queen close out the Rock in Rio festival, playing at 2am after eight days of near-constant rain turned the site to mud","Queen close out the Rock in Rio festival, playing at 2am after eight days of near-constant rain turned the site to mud.",1985-01-19,ExactDate,SiteHistory,30,AsItBeganBook,queen-close-out-the-rock-in-rio-festival-playing-at-2am-after-eight-days-of-near-constant-rain-turned-the-site-to-mud-1985-01-19,
"Queen play their first-ever New Zealand concert, at Mount Smart Stadium, Auckland; Spandau Ballet's Tony Hadley...","Queen play their first-ever New Zealand concert, at Mount Smart Stadium, Auckland; Spandau Ballet's Tony Hadley joins them for 'Jailhouse Rock'.",1985-04-13,ExactDate,Concert,30,AsItBeganBook,queen-play-their-first-ever-new-zealand-concert-at-mount-smart-stadium-auckland-spandau-ballet-s-tony-hadley-1985-04-13,
"Freddie's debut solo album, Mr Bad Guy, is released on CBS Records","Freddie's debut solo album, Mr Bad Guy, is released on CBS Records.",1985-04-29,ExactDate,Release,30,AsItBeganBook,freddie-s-debut-solo-album-mr-bad-guy-is-released-on-cbs-records-1985-04-29,
"Live In Rio home video is released in the UK, going straight to number one on the video chart","Live In Rio home video is released in the UK, going straight to number one on the video chart.",1985-05-13,ExactDate,Release,30,AsItBeganBook,live-in-rio-home-video-is-released-in-the-uk-going-straight-to-number-one-on-the-video-chart-1985-05-13,
"Freddie gives DJ Simon Bates a rare, freewheeling Radio One interview fuelled by a shared bottle of Stolichnaya vodka","Freddie gives DJ Simon Bates a rare, freewheeling Radio One interview fuelled by a shared bottle of Stolichnaya vodka.",1985-06-22,ExactDate,TVRadio,30,AsItBeganBook,freddie-gives-dj-simon-bates-a-rare-freewheeling-radio-one-interview-fuelled-by-a-shared-bottle-of-stolichnaya-vodka-1985-06-22,
"Freddie's single 'Made In Heaven' is released, with an elaborate video recreating Stravinsky's The Rite of Spring...","Freddie's single 'Made In Heaven' is released, with an elaborate video recreating Stravinsky's The Rite of Spring and Dante's Inferno.",1985-07-01,ExactDate,Release,30,AsItBeganBook,freddie-s-single-made-in-heaven-is-released-with-an-elaborate-video-recreating-stravinsky-s-the-rite-of-spring-1985-07-01,
"Queen rehearse for three days at the Shaw Theatre, King's Cross, ahead of Live Aid","Queen rehearse for three days at the Shaw Theatre, King's Cross, ahead of Live Aid.",1985-07-10,ExactDate,SiteHistory,30,AsItBeganBook,queen-rehearse-for-three-days-at-the-shaw-theatre-king-s-cross-ahead-of-live-aid-1985-07-10,
"Queen play a 20-minute set at Live Aid, Wembley Stadium, at 6pm, broadcast to over a billion people worldwide and...","Queen play a 20-minute set at Live Aid, Wembley Stadium, at 6pm, broadcast to over a billion people worldwide and widely credited as the day's standout performance.",1985-07-13,ExactDate,Concert,30,AsItBeganBook,queen-play-a-20-minute-set-at-live-aid-wembley-stadium-at-6pm-broadcast-to-over-a-billion-people-worldwide-and-1985-07-13,
Freddie's single 'Living On My Own' is released,Freddie's single 'Living On My Own' is released.,1985-09-02,ExactDate,Release,30,AsItBeganBook,freddie-s-single-living-on-my-own-is-released-1985-09-02,
"Freddie hosts an elaborate black-and-white drag-themed birthday party at Munich club Henderson's, flying friends...","Freddie hosts an elaborate black-and-white drag-themed birthday party at Munich club Henderson's, flying friends over and putting them up at the Munich Hilton; CBS later bans the resulting music video in the UK for being too explicit.",1985-09-05,ExactDate,SiteHistory,30,AsItBeganBook,freddie-hosts-an-elaborate-black-and-white-drag-themed-birthday-party-at-munich-club-henderson-s-flying-friends-1985-09-05,
"Freddie appears at the Fashion Aid charity event at the Royal Albert Hall, escorting actress Jane Seymour in an...","Freddie appears at the Fashion Aid charity event at the Royal Albert Hall, escorting actress Jane Seymour in an Emmanuel-designed wedding dress.",1985-11-05,ExactDate,SiteHistory,30,AsItBeganBook,freddie-appears-at-the-fashion-aid-charity-event-at-the-royal-albert-hall-escorting-actress-jane-seymour-in-an-1985-11-05,
Freddie's solo single 'Love Me Like There's No Tomorrow' is released but fails to chart,Freddie's solo single 'Love Me Like There's No Tomorrow' is released but fails to chart.,1985-11-18,ExactDate,Release,30,AsItBeganBook,freddie-s-solo-single-love-me-like-there-s-no-tomorrow-is-released-but-fails-to-chart-1985-11-18,
"EMI releases a 13-album Queen box set for £70, including the otherwise-unavailable rarities compilation Complete Vision","EMI releases a 13-album Queen box set for £70, including the otherwise-unavailable rarities compilation Complete Vision.",1985-12-02,ExactDate,Release,30,AsItBeganBook,emi-releases-a-13-album-queen-box-set-for-70-including-the-otherwise-unavailable-rarities-compilation-complete-vision-1985-12-02,
'Princes Of The Universe' is released in North America but fails to chart,'Princes Of The Universe' is released in North America but fails to chart.,1986-04-07,ExactDate,Release,30,AsItBeganBook,princes-of-the-universe-is-released-in-north-america-but-fails-to-chart-1986-04-07,
"'No Turning Back', the theme John Deacon wrote for the film Biggles under the band name 'The Immortals', is released...","'No Turning Back', the theme John Deacon wrote for the film Biggles under the band name 'The Immortals', is released as a single.",1986-05-19,ExactDate,Release,30,AsItBeganBook,no-turning-back-the-theme-john-deacon-wrote-for-the-film-biggles-under-the-band-name-the-immortals-is-released-1986-05-19,
Freddie's single 'Time' (from the stage musical of the same name) is released; the video is filmed at 6am on the...,Freddie's single 'Time' (from the stage musical of the same name) is released; the video is filmed at 6am on the closed set of the Dominion Theatre.,1986-05-06,ExactDate,Release,30,AsItBeganBook,freddie-s-single-time-from-the-stage-musical-of-the-same-name-is-released-the-video-is-filmed-at-6am-on-the-1986-05-06,
"Roger Taylor and Dominique Beyrand's second child, daughter Rory, is born","Roger Taylor and Dominique Beyrand's second child, daughter Rory, is born.",1986-05-29,ExactDate,Birthday,30,AsItBeganBook,roger-taylor-and-dominique-beyrand-s-second-child-daughter-rory-is-born-1986-05-29,
"EMI releases A Kind Of Magic, the Highlander-inspired album, straight to UK number one","EMI releases A Kind Of Magic, the Highlander-inspired album, straight to UK number one.",1986-06-02,ExactDate,Release,30,AsItBeganBook,emi-releases-a-kind-of-magic-the-highlander-inspired-album-straight-to-uk-number-one-1986-06-02,
The 1986 'Magic Tour' opens in Stockholm at the Rasunda football stadium,The 1986 'Magic Tour' opens in Stockholm at the Rasunda football stadium.,1986-06-07,ExactDate,Concert,30,AsItBeganBook,the-1986-magic-tour-opens-in-stockholm-at-the-rasunda-football-stadium-1986-06-07,
Queen play an open-air gig at Slane Castle near Dublin in appalling weather,Queen play an open-air gig at Slane Castle near Dublin in appalling weather.,1986-07-05,ExactDate,Concert,30,AsItBeganBook,queen-play-an-open-air-gig-at-slane-castle-near-dublin-in-appalling-weather-1986-07-05,
"Queen play St James' Park, Newcastle, donating all proceeds to the Save The Children Fund (with promoter Harvey...","Queen play St James' Park, Newcastle, donating all proceeds to the Save The Children Fund (with promoter Harvey Goldsmith waiving his cut too).",1986-07-09,ExactDate,SiteHistory,30,AsItBeganBook,queen-play-st-james-park-newcastle-donating-all-proceeds-to-the-save-the-children-fund-with-promoter-harvey-1986-07-09,
"Queen play two nights at Wembley Stadium to 72,000 fans each night; giant helium band-member balloons are released,...","Queen play two nights at Wembley Stadium to 72,000 fans each night; giant helium band-member balloons are released, with only the Freddie balloon escaping the stadium.",1986-07-11,ExactDate,Concert,30,AsItBeganBook,queen-play-two-nights-at-wembley-stadium-to-72-000-fans-each-night-giant-helium-band-member-balloons-are-released-1986-07-11,
"Queen play Cologne, Germany; Brian joins support band Marillion on stage","Queen play Cologne, Germany; Brian joins support band Marillion on stage.",1986-07-19,ExactDate,Concert,30,AsItBeganBook,queen-play-cologne-germany-brian-joins-support-band-marillion-on-stage-1986-07-19,
"EMI releases Freddie's first video EP, which enters the video chart at number one within a week","EMI releases Freddie's first video EP, which enters the video chart at number one within a week.",1986-07-21,ExactDate,Release,30,AsItBeganBook,emi-releases-freddie-s-first-video-ep-which-enters-the-video-chart-at-number-one-within-a-week-1986-07-21,
Queen play their final 'Magic Tour' date at Knebworth Park - 'A Night of Summer Magic' - to a crowd estimated by...,"Queen play their final 'Magic Tour' date at Knebworth Park - 'A Night of Summer Magic' - to a crowd estimated by police at up to 200,000, the biggest paying UK audience of the band's career.",1986-08-09,ExactDate,Concert,30,AsItBeganBook,queen-play-their-final-magic-tour-date-at-knebworth-park-a-night-of-summer-magic-to-a-crowd-estimated-by-1986-08-09,
"Queen release the first-ever Queen video single, entering the video chart at number one - a new format for the industry","Queen release the first-ever Queen video single, entering the video chart at number one - a new format for the industry.",1986-10-20,ExactDate,Release,30,AsItBeganBook,queen-release-the-first-ever-queen-video-single-entering-the-video-chart-at-number-one-a-new-format-for-the-industry-1986-10-20,
"The Real Magic Wembley concert film airs on Channel 4 simulcast with 48 independent radio stations, drawing 3.5...","The Real Magic Wembley concert film airs on Channel 4 simulcast with 48 independent radio stations, drawing 3.5 million viewers.",1986-10-25,ExactDate,Concert,30,AsItBeganBook,the-real-magic-wembley-concert-film-airs-on-channel-4-simulcast-with-48-independent-radio-stations-drawing-3-5-1986-10-25,
Brian May guests with comedy band Bad News (played by cast of The Young Ones) alongside Led Zeppelin's Jimmy Page at...,Brian May guests with comedy band Bad News (played by cast of The Young Ones) alongside Led Zeppelin's Jimmy Page at Hammersmith Odeon.,1986-11-09,ExactDate,Concert,30,AsItBeganBook,brian-may-guests-with-comedy-band-bad-news-played-by-cast-of-the-young-ones-alongside-led-zeppelin-s-jimmy-page-at-1986-11-09,
"Brian and Chrissy May's second daughter, Emily Ruth, is born","Brian and Chrissy May's second daughter, Emily Ruth, is born.",1987-02-17,ExactDate,Birthday,30,AsItBeganBook,brian-and-chrissy-may-s-second-daughter-emily-ruth-is-born-1987-02-17,
"Freddie's single 'The Great Pretender' is released, reaching UK number 4 - his best solo chart position to date","Freddie's single 'The Great Pretender' is released, reaching UK number 4 - his best solo chart position to date.",1987-02-23,ExactDate,Release,30,AsItBeganBook,freddie-s-single-the-great-pretender-is-released-reaching-uk-number-4-his-best-solo-chart-position-to-date-1987-02-23,
"Freddie meets opera singer Montserrat Caballe for lunch in Barcelona, plays her 'Barcelona' and 'Exercises In Free...","Freddie meets opera singer Montserrat Caballe for lunch in Barcelona, plays her 'Barcelona' and 'Exercises In Free Love', and she proposes they record a full album together.",1987-03,MonthYear,Release,30,AsItBeganBook,freddie-meets-opera-singer-montserrat-caballe-for-lunch-in-barcelona-plays-her-barcelona-and-exercises-in-free-1987-03,
Queen receive an Ivor Novello Award for Outstanding Contribution to British Music,Queen receive an Ivor Novello Award for Outstanding Contribution to British Music.,1987-04-15,ExactDate,Award,30,AsItBeganBook,queen-receive-an-ivor-novello-award-for-outstanding-contribution-to-british-music-1987-04-15,
Freddie and Montserrat Caballe debut 'Barcelona' live at the 'Ibiza 92' festival at the Ku Club,Freddie and Montserrat Caballe debut 'Barcelona' live at the 'Ibiza 92' festival at the Ku Club.,1987-05-30,ExactDate,SiteHistory,30,AsItBeganBook,freddie-and-montserrat-caballe-debut-barcelona-live-at-the-ibiza-92-festival-at-the-ku-club-1987-05-30,
Brian May begins producing the debut album for comedy band Bad News at Sarm Studios,Brian May begins producing the debut album for comedy band Bad News at Sarm Studios.,1987-05,MonthYear,Release,30,AsItBeganBook,brian-may-begins-producing-the-debut-album-for-comedy-band-bad-news-at-sarm-studios-1987-05,
"Anita Dobson's single 'Talking Of Love', produced with Brian, is released","Anita Dobson's single 'Talking Of Love', produced with Brian, is released.",1987-07-06,ExactDate,Release,30,AsItBeganBook,anita-dobson-s-single-talking-of-love-produced-with-brian-is-released-1987-07-06,
"Brian joins Bad News on stage at the Reading Rock and Jazz Festival, dodging bottles thrown by unamused metal fans","Brian joins Bad News on stage at the Reading Rock and Jazz Festival, dodging bottles thrown by unamused metal fans.",1987-08-29,ExactDate,SiteHistory,30,AsItBeganBook,brian-joins-bad-news-on-stage-at-the-reading-rock-and-jazz-festival-dodging-bottles-thrown-by-unamused-metal-fans-1987-08-29,
Freddie charters a private plane (which lands on one engine after a mid-flight fault) to fly London friends to his...,"Freddie charters a private plane (which lands on one engine after a mid-flight fault) to fly London friends to his 41st birthday party at Pykes Hotel, Ibiza.",1987-09-05,ExactDate,SiteHistory,30,AsItBeganBook,freddie-charters-a-private-plane-which-lands-on-one-engine-after-a-mid-flight-fault-to-fly-london-friends-to-his-1987-09-05,
The Cross release their debut single 'Cowboys And Indians'; Freddie and Montserrat Caballe's 'Barcelona' single is...,"The Cross release their debut single 'Cowboys And Indians'; Freddie and Montserrat Caballe's 'Barcelona' single is released in Spain, selling out its entire 10,000-copy pressing within three hours.",1987-09-21,ExactDate,Release,30,AsItBeganBook,the-cross-release-their-debut-single-cowboys-and-indians-freddie-and-montserrat-caballe-s-barcelona-single-is-1987-09-21,
'Barcelona' is released as a single in the UK to a mixed and often baffled critical reception,'Barcelona' is released as a single in the UK to a mixed and often baffled critical reception.,1987-10-26,ExactDate,Release,30,AsItBeganBook,barcelona-is-released-as-a-single-in-the-uk-to-a-mixed-and-often-baffled-critical-reception-1987-10-26,
"The Cross play their first-ever live gig, filmed for Meltdown at Teddington Lock Studios","The Cross play their first-ever live gig, filmed for Meltdown at Teddington Lock Studios.",1987-11-06,ExactDate,Concert,30,AsItBeganBook,the-cross-play-their-first-ever-live-gig-filmed-for-meltdown-at-teddington-lock-studios-1987-11-06,
"Queen - The Magic Years, a three-hour visual anthology documentary, is released","Queen - The Magic Years, a three-hour visual anthology documentary, is released.",1987-11-30,ExactDate,Release,30,AsItBeganBook,queen-the-magic-years-a-three-hour-visual-anthology-documentary-is-released-1987-11-30,
Roger Taylor marries Dominique Beyrand at Kensington and Chelsea register office (with Freddie and Mary Austin as...,Roger Taylor marries Dominique Beyrand at Kensington and Chelsea register office (with Freddie and Mary Austin as witnesses) - 23 days before he moves out to live with new partner Debbie Leng; The Cross's debut album Shove It is released the same day.,1988-01-25,ExactDate,Release,30,AsItBeganBook,roger-taylor-marries-dominique-beyrand-at-kensington-and-chelsea-register-office-with-freddie-and-mary-austin-as-1988-01-25,
"The Cross's first tour opens at a Leeds University student ball, then Glasgow's Queen Margaret Union","The Cross's first tour opens at a Leeds University student ball, then Glasgow's Queen Margaret Union.",1988-02-20,ExactDate,Concert,30,AsItBeganBook,the-cross-s-first-tour-opens-at-a-leeds-university-student-ball-then-glasgow-s-queen-margaret-union-1988-02-20,
"The Cross's UK tour concludes at the Town and Country Club, London, attended by Brian May and Robert Plant","The Cross's UK tour concludes at the Town and Country Club, London, attended by Brian May and Robert Plant.",1988-03-10,ExactDate,Concert,30,AsItBeganBook,the-cross-s-uk-tour-concludes-at-the-town-and-country-club-london-attended-by-brian-may-and-robert-plant-1988-03-10,
"Freddie appears on stage in the musical Time for a charity performance with Cliff Richard, raising money for the...","Freddie appears on stage in the musical Time for a charity performance with Cliff Richard, raising money for the Terrence Higgins Trust's AIDS research.",1988-04-14,ExactDate,Concert,30,AsItBeganBook,freddie-appears-on-stage-in-the-musical-time-for-a-charity-performance-with-cliff-richard-raising-money-for-the-1988-04-14,
"Jim Beach previews the Freddie/Montserrat Barcelona songs to Polygram Records executives in Marbella, leading to a...","Jim Beach previews the Freddie/Montserrat Barcelona songs to Polygram Records executives in Marbella, leading to a solo deal for Freddie.",1988-05-02,ExactDate,Recording,30,AsItBeganBook,jim-beach-previews-the-freddie-montserrat-barcelona-songs-to-polygram-records-executives-in-marbella-leading-to-a-1988-05-02,
"Brian and John perform at the Prince's Trust Gala Concert at the Royal Albert Hall alongside Eric Clapton, Elton...","Brian and John perform at the Prince's Trust Gala Concert at the Royal Albert Hall alongside Eric Clapton, Elton John, Joe Cocker and others.",1988-06-06,ExactDate,Concert,30,AsItBeganBook,brian-and-john-perform-at-the-prince-s-trust-gala-concert-at-the-royal-albert-hall-alongside-eric-clapton-elton-1988-06-06,
"Brian May's father, Harold, dies","Brian May's father, Harold, dies.",1988-06-02,ExactDate,SiteHistory,30,AsItBeganBook,brian-may-s-father-harold-dies-1988-06-02,
"The Cross release their second single, 'Manipulator'","The Cross release their second single, 'Manipulator'.",1988-07-04,ExactDate,Release,30,AsItBeganBook,the-cross-release-their-second-single-manipulator-1988-07-04,
A BBC Radio One poll votes 'Bohemian Rhapsody' the greatest single of all time,A BBC Radio One poll votes 'Bohemian Rhapsody' the greatest single of all time.,1988-09,MonthYear,Release,30,AsItBeganBook,a-bbc-radio-one-poll-votes-bohemian-rhapsody-the-greatest-single-of-all-time-1988-09,
"Freddie and Montserrat Caballe perform together at the La Nit pre-Olympic festival in Barcelona, watched by the King...","Freddie and Montserrat Caballe perform together at the La Nit pre-Olympic festival in Barcelona, watched by the King and Queen of Spain.",1988-10-08,ExactDate,SiteHistory,30,AsItBeganBook,freddie-and-montserrat-caballe-perform-together-at-the-la-nit-pre-olympic-festival-in-barcelona-watched-by-the-king-1988-10-08,
"The Barcelona album is released, launched with an extravagant billboard and limousine event; the Live In Budapest...","The Barcelona album is released, launched with an extravagant billboard and limousine event; the Live In Budapest CD-video is released the same day.",1988-10-10,ExactDate,Release,30,AsItBeganBook,the-barcelona-album-is-released-launched-with-an-extravagant-billboard-and-limousine-event-the-live-in-budapest-1988-10-10,
"At the Smash Hits Awards, a large Queen promotional banner is removed from view, prompting complaints from the...","At the Smash Hits Awards, a large Queen promotional banner is removed from view, prompting complaints from the band's camp.",1988-10-30,ExactDate,SiteHistory,30,AsItBeganBook,at-the-smash-hits-awards-a-large-queen-promotional-banner-is-removed-from-view-prompting-complaints-from-the-1988-10-30,
Anita Dobson's Brian-produced album Talking Of Love is released,Anita Dobson's Brian-produced album Talking Of Love is released.,1988-11-17,ExactDate,Release,30,AsItBeganBook,anita-dobson-s-brian-produced-album-talking-of-love-is-released-1988-11-17,
"Brian May sits in with Bon Jovi, playing Ritchie Sambora's guitar","Brian May sits in with Bon Jovi, playing Ritchie Sambora's guitar.",1988-12,MonthYear,SiteHistory,30,AsItBeganBook,brian-may-sits-in-with-bon-jovi-playing-ritchie-sambora-s-guitar-1988-12,
"The Cross play a one-off gig at Hammersmith Palais, reuniting three-quarters of Queen on one stage","The Cross play a one-off gig at Hammersmith Palais, reuniting three-quarters of Queen on one stage.",1988-12-04,ExactDate,Concert,30,AsItBeganBook,the-cross-play-a-one-off-gig-at-hammersmith-palais-reuniting-three-quarters-of-queen-on-one-stage-1988-12-04,
A BBC poll seeks the 'Best British Queen Song',A BBC poll seeks the 'Best British Queen Song'.,1989-01,MonthYear,TVRadio,30,AsItBeganBook,a-bbc-poll-seeks-the-best-british-queen-song-1989-01,
Roger Taylor holds a charity banger race at Wimbledon Stadium,Roger Taylor holds a charity banger race at Wimbledon Stadium.,1989-03-19,ExactDate,SiteHistory,30,AsItBeganBook,roger-taylor-holds-a-charity-banger-race-at-wimbledon-stadium-1989-03-19,
The Miracle album is released and goes platinum in its first week,The Miracle album is released and goes platinum in its first week.,1989-05-22,ExactDate,Release,30,AsItBeganBook,the-miracle-album-is-released-and-goes-platinum-in-its-first-week-1989-05-22,
Queen give a rare full-band TV interview in which Freddie says he no longer wants to tour,Queen give a rare full-band TV interview in which Freddie says he no longer wants to tour.,1989-05-29,ExactDate,Concert,30,AsItBeganBook,queen-give-a-rare-full-band-tv-interview-in-which-freddie-says-he-no-longer-wants-to-tour-1989-05-29,
"Roger Taylor's 40th birthday party, a 'schoolboys and schoolgirls' fancy-dress theme, features a Sky-Tracker...","Roger Taylor's 40th birthday party, a 'schoolboys and schoolgirls' fancy-dress theme, features a Sky-Tracker searchlight that triggers a local UFO panic among residents and police.",1989,YearOnly,SiteHistory,30,AsItBeganBook,roger-taylor-s-40th-birthday-party-a-schoolboys-and-schoolgirls-fancy-dress-theme-features-a-sky-tracker-1989,
'Invisible Man' is released as a single across six different retail formats,'Invisible Man' is released as a single across six different retail formats.,1989-08-07,ExactDate,Release,30,AsItBeganBook,invisible-man-is-released-as-a-single-across-six-different-retail-formats-1989-08-07,
The Rare Live video is released,The Rare Live video is released.,1989-08-21,ExactDate,Release,30,AsItBeganBook,the-rare-live-video-is-released-1989-08-21,
'Scandal' is released as a single,'Scandal' is released as a single.,1989-10-09,ExactDate,Release,30,AsItBeganBook,scandal-is-released-as-a-single-1989-10-09,
Brian May plays with Jerry Lee Lewis at Hammersmith Odeon,Brian May plays with Jerry Lee Lewis at Hammersmith Odeon.,1989-11-21,ExactDate,Concert,30,AsItBeganBook,brian-may-plays-with-jerry-lee-lewis-at-hammersmith-odeon-1989-11-21,
"Queen At The Beeb, an album of the band's 1973 BBC radio sessions, is released on Strange Fruit/Band of Joy","Queen At The Beeb, an album of the band's 1973 BBC radio sessions, is released on Strange Fruit/Band of Joy.",1989-12-04,ExactDate,Release,30,AsItBeganBook,queen-at-the-beeb-an-album-of-the-band-s-1973-bbc-radio-sessions-is-released-on-strange-fruit-band-of-joy-1989-12-04,
"The Cilla Black show Goodbye To The Eighties airs, revealing Queen's Greatest Hits as the fourth best-selling album...","The Cilla Black show Goodbye To The Eighties airs, revealing Queen's Greatest Hits as the fourth best-selling album of all time.",1989-12-31,ExactDate,Release,30,AsItBeganBook,the-cilla-black-show-goodbye-to-the-eighties-airs-revealing-queen-s-greatest-hits-as-the-fourth-best-selling-album-1989-12-31,
"Brian records a Rod Stewart 'Sailing' cover, released as 'Rock Against Repatriation', to aid Vietnamese boat people","Brian records a Rod Stewart 'Sailing' cover, released as 'Rock Against Repatriation', to aid Vietnamese boat people.",1990-01-01,ExactDate,Release,30,AsItBeganBook,brian-records-a-rod-stewart-sailing-cover-released-as-rock-against-repatriation-to-aid-vietnamese-boat-people-1990-01-01,
The Cross's 'Power To Love' is released in Germany on the Electrola label,The Cross's 'Power To Love' is released in Germany on the Electrola label.,1990-01-29,ExactDate,Release,30,AsItBeganBook,the-cross-s-power-to-love-is-released-in-germany-on-the-electrola-label-1990-01-29,
"Queen receive the BPI's Outstanding Contribution to British Music award at the Dominion Theatre, presented by Terry...","Queen receive the BPI's Outstanding Contribution to British Music award at the Dominion Theatre, presented by Terry Ellis; the band later hosts a 400-guest 20th-anniversary party at Groucho's in Soho.",1990-02-18,ExactDate,Award,30,AsItBeganBook,queen-receive-the-bpi-s-outstanding-contribution-to-british-music-award-at-the-dominion-theatre-presented-by-terry-1990-02-18,
"Queen resume studio work; the Cross release their second album, Mad, Bad and Dangerous To Know, on 26 March","Queen resume studio work; the Cross release their second album, Mad, Bad and Dangerous To Know, on 26 March.",1990-03,MonthYear,Release,30,AsItBeganBook,queen-resume-studio-work-the-cross-release-their-second-album-mad-bad-and-dangerous-to-know-on-26-march-1990-03,
The Cross begin a short German tour in Hannover,The Cross begin a short German tour in Hannover.,1990-05-11,ExactDate,Concert,30,AsItBeganBook,the-cross-begin-a-short-german-tour-in-hannover-1990-05-11,
"Roger Taylor's father, Michael, dies in hospital in Cheltenham; the funeral is held 27 July, the day after Roger's...","Roger Taylor's father, Michael, dies in hospital in Cheltenham; the funeral is held 27 July, the day after Roger's 41st birthday.",1990-07,MonthYear,SiteHistory,30,AsItBeganBook,roger-taylor-s-father-michael-dies-in-hospital-in-cheltenham-the-funeral-is-held-27-july-the-day-after-roger-s-1990-07,
"Queen signs with Hollywood Records (a Walt Disney company) for US representation, after Jim Beach buys back the...","Queen signs with Hollywood Records (a Walt Disney company) for US representation, after Jim Beach buys back the Queen catalogue rights from Capitol.",1990-11,MonthYear,Recording,30,AsItBeganBook,queen-signs-with-hollywood-records-a-walt-disney-company-for-us-representation-after-jim-beach-buys-back-the-1990-11,
Hollywood Records releases 'Headlong' as its debut Queen single in the USA,Hollywood Records releases 'Headlong' as its debut Queen single in the USA.,1991-01-17,ExactDate,Release,30,AsItBeganBook,hollywood-records-releases-headlong-as-its-debut-queen-single-in-the-usa-1991-01-17,
"The album Innuendo is released, entering the UK chart at number one with first-week shipments over 200,000","The album Innuendo is released, entering the UK chart at number one with first-week shipments over 200,000.",1991-02-04,ExactDate,Release,30,AsItBeganBook,the-album-innuendo-is-released-entering-the-uk-chart-at-number-one-with-first-week-shipments-over-200-000-1991-02-04,
"Hale and Pace's charity single 'The Stonk', produced by Brian May, is released for Comic Relief's Red Nose Day and...","Hale and Pace's charity single 'The Stonk', produced by Brian May, is released for Comic Relief's Red Nose Day and reaches UK number one.",1991-02-25,ExactDate,Release,30,AsItBeganBook,hale-and-pace-s-charity-single-the-stonk-produced-by-brian-may-is-released-for-comic-relief-s-red-nose-day-and-1991-02-25,
"Roger Taylor and Debbie Leng's son, Rufus Tiger, is born","Roger Taylor and Debbie Leng's son, Rufus Tiger, is born.",1991-03-08,ExactDate,Birthday,30,AsItBeganBook,roger-taylor-and-debbie-leng-s-son-rufus-tiger-is-born-1991-03-08,
"Queen (minus Brian, who was in the US) film a mime/lip-sync section in west London for the Disney-animated 'Days Of...","Queen (minus Brian, who was in the US) film a mime/lip-sync section in west London for the Disney-animated 'Days Of Our Lives' video.",1991-05-30,ExactDate,SiteHistory,30,AsItBeganBook,queen-minus-brian-who-was-in-the-us-film-a-mime-lip-sync-section-in-west-london-for-the-disney-animated-days-of-1991-05-30,
The Cross release 'New Dark Ages' as a single in Germany,The Cross release 'New Dark Ages' as a single in Germany.,1991-08-08,ExactDate,Release,30,AsItBeganBook,the-cross-release-new-dark-ages-as-a-single-in-germany-1991-08-08,
"The Cross's third album, Blue Rock, is released in Germany","The Cross's third album, Blue Rock, is released in Germany.",1991-09-09,ExactDate,Release,30,AsItBeganBook,the-cross-s-third-album-blue-rock-is-released-in-germany-1991-09-09,
"'The Show Must Go On' is released as Queen's 40th UK single, backed with their first-ever single 'Keep Yourself...","'The Show Must Go On' is released as Queen's 40th UK single, backed with their first-ever single 'Keep Yourself Alive'; it reaches UK number 16.",1991-10-14,ExactDate,Release,30,AsItBeganBook,the-show-must-go-on-is-released-as-queen-s-40th-uk-single-backed-with-their-first-ever-single-keep-yourself-1991-10-14,
"Brian May acts as musical director for a rock guitar night at the Seville Expo '92 guitar festival, performing...","Brian May acts as musical director for a rock guitar night at the Seville Expo '92 guitar festival, performing alongside Nuno Bettencourt, Joe Walsh, Steve Vai and Joe Satriani.",1991-10-19,ExactDate,SiteHistory,30,AsItBeganBook,brian-may-acts-as-musical-director-for-a-rock-guitar-night-at-the-seville-expo-92-guitar-festival-performing-1991-10-19,
"EMI simultaneously releases Greatest Hits Two, Greatest Flix Two and Greatest Pix Two, plus the boxed set A Box Of...","EMI simultaneously releases Greatest Hits Two, Greatest Flix Two and Greatest Pix Two, plus the boxed set A Box Of Flix; Hits Two and Flix Two both enter their UK charts at number one.",1991-10-28,ExactDate,Release,30,AsItBeganBook,emi-simultaneously-releases-greatest-hits-two-greatest-flix-two-and-greatest-pix-two-plus-the-boxed-set-a-box-of-1991-10-28,
"Brian May's debut solo single, 'Driven By You' (originally written for a Ford ad campaign), is released","Brian May's debut solo single, 'Driven By You' (originally written for a Ford ad campaign), is released.",1991-11-25,ExactDate,Release,30,AsItBeganBook,brian-may-s-debut-solo-single-driven-by-you-originally-written-for-a-ford-ad-campaign-is-released-1991-11-25,
Freddie Mercury issues a public statement confirming he has AIDS,Freddie Mercury issues a public statement confirming he has AIDS.,1991-11-23,ExactDate,SiteHistory,30,AsItBeganBook,freddie-mercury-issues-a-public-statement-confirming-he-has-aids-1991-11-23,
Freddie Mercury dies at 7pm of AIDS-related bronchial pneumonia,Freddie Mercury dies at 7pm of AIDS-related bronchial pneumonia.,1991-11-24,ExactDate,SiteHistory,30,AsItBeganBook,freddie-mercury-dies-at-7pm-of-aids-related-bronchial-pneumonia-1991-11-24,
Freddie Mercury's cremation is held at West London Crematorium in a private Zoroastrian service,Freddie Mercury's cremation is held at West London Crematorium in a private Zoroastrian service.,1991-11-27,ExactDate,SiteHistory,30,AsItBeganBook,freddie-mercury-s-cremation-is-held-at-west-london-crematorium-in-a-private-zoroastrian-service-1991-11-27,
"Hollywood Records releases 'Bohemian Rhapsody' as a double-A side with 'The Show Must Go On' in the USA, with...","Hollywood Records releases 'Bohemian Rhapsody' as a double-A side with 'The Show Must Go On' in the USA, with proceeds going to the Magic Johnson AIDS Foundation.",1992-02-06,ExactDate,Release,30,AsItBeganBook,hollywood-records-releases-bohemian-rhapsody-as-a-double-a-side-with-the-show-must-go-on-in-the-usa-with-1992-02-06,
"At the Brits Awards, 'These Are The Days Of Our Lives' wins Best British Single of 1991 and Freddie is given a...","At the Brits Awards, 'These Are The Days Of Our Lives' wins Best British Single of 1991 and Freddie is given a posthumous special award; a Freddie Mercury Tribute Concert at Wembley Stadium is announced for 20 April 1992.",1992-02-12,ExactDate,Concert,30,AsItBeganBook,at-the-brits-awards-these-are-the-days-of-our-lives-wins-best-british-single-of-1991-and-freddie-is-given-a-1992-02-12,
"Brian and Roger collect Ivor Novello awards and hand a cheque of over £1,000,000 to the Terrence Higgins Trust from...","Brian and Roger collect Ivor Novello awards and hand a cheque of over £1,000,000 to the Terrence Higgins Trust from 'Bohemian Rhapsody' / 'These Are The Days Of Our Lives' sales.",1992-04-15,ExactDate,SiteHistory,30,AsItBeganBook,brian-and-roger-collect-ivor-novello-awards-and-hand-a-cheque-of-over-1-000-000-to-the-terrence-higgins-trust-from-1992-04-15,
"The Freddie Mercury Tribute Concert for AIDS Awareness takes place at Wembley Stadium, broadcast live worldwide","The Freddie Mercury Tribute Concert for AIDS Awareness takes place at Wembley Stadium, broadcast live worldwide.",1992-04-20,ExactDate,Concert,30,AsItBeganBook,the-freddie-mercury-tribute-concert-for-aids-awareness-takes-place-at-wembley-stadium-broadcast-live-worldwide-1992-04-20,
"EMI releases the full, unedited 1986 Magic Tour Wembley concert on double CD, LP and cassette","EMI releases the full, unedited 1986 Magic Tour Wembley concert on double CD, LP and cassette.",1992-05-26,ExactDate,Concert,30,AsItBeganBook,emi-releases-the-full-unedited-1986-magic-tour-wembley-concert-on-double-cd-lp-and-cassette-1992-05-26,
Queen release 'I Can Hear Music' under the pseudonym Larry Lurex,"Using the joke name 'Larry Lurex' (a send-up of Gary Glitter), Queen release a cover of the Beach Boys' 'I Can Hear Music', backed with the Goffin/King song 'Goin' Back', recorded at Trident Studios with Roy Thomas Baker producing.",1973-06,MonthYear,Release,35,VisualDocumentaryBook,queen-release-i-can-hear-music-under-the-pseudonym-larry-lurex-1973-06,
Freddie Mercury and Brian May guest on Eddie Howell's 'Man From Manhattan',"Brian May plays guitar and Freddie Mercury sings and plays piano on singer-songwriter Eddie Howell's single 'Man From Manhattan', recorded at Sarm East Studios.",1975-09,MonthYear,Recording,25,VisualDocumentaryBook,freddie-mercury-and-brian-may-guest-on-eddie-howell-s-man-from-manhattan-1975-09,
Roger Taylor sings backing vocals on Kansas's 'Vinyl Confessions',"Roger Taylor sings backing vocals on three tracks - 'Play The Game Tonight', 'Right Away' and 'Diamonds & Pearls' - on the American rock band Kansas's album Vinyl Confessions.",1982-08,MonthYear,Recording,25,VisualDocumentaryBook,roger-taylor-sings-backing-vocals-on-kansas-s-vinyl-confessions-1982-08,
Brian May co-produces Heavy Pettin's debut album 'Letting Loose',"Brian May co-produces (with Mack) the debut album by Scottish rock band Heavy Pettin', 'Letting Loose', recorded in London and Munich.",1983-07,MonthYear,Recording,25,VisualDocumentaryBook,brian-may-co-produces-heavy-pettin-s-debut-album-letting-loose-1983-07,
John Deacon plays bass on Man Friday and Jive Junior's 'Picking Up Sounds',"John Deacon plays bass on 'Picking Up Sounds', a single by Man Friday and Jive Junior.",1983,YearOnly,Recording,20,VisualDocumentaryBook,john-deacon-plays-bass-on-man-friday-and-jive-junior-s-picking-up-sounds-1983,
Brian May guests on two Jeffrey Osborne tracks,"Brian May plays guitar on two Jeffrey Osborne tracks, 'Two Wrongs Don't Make A Right' and 'Stay With Me Tonight', recorded at Mad Hatter Studios in Los Angeles; the latter is released as a single.",1983,YearOnly,Recording,20,VisualDocumentaryBook,brian-may-guests-on-two-jeffrey-osborne-tracks-1983,
John Deacon records a song with Errol Brown,John Deacon records a song with Hot Chocolate singer Errol Brown.,1986-02,MonthYear,Recording,25,VisualDocumentaryBook,john-deacon-records-a-song-with-errol-brown-1986-02,
First International Queen Fan Club Convention held,"The first International Queen Fan Club Convention is held at Great Yarmouth; over 1,000 fans attend from as far afield as Australia and South America.",1986-04-25,ExactDate,SiteHistory,35,VisualDocumentaryBook,first-international-queen-fan-club-convention-held-1986-04-25,
A fan dies at Queen's Knebworth Park concert,"Queen's record-breaking Knebworth Park concert, the biggest of the Magic Tour, is marred by a small outbreak of violence in the 150,000-strong crowd and the death of a fan close to the stage.",1986-08-09,ExactDate,Concert,45,VisualDocumentaryBook,a-fan-dies-at-queen-s-knebworth-park-concert-1986-08-09,
Brian May produces comedy band Bad News's debut album,"Brian May produces the debut album by comedy heavy metal band Bad News (a spin-off from TV series The Young Ones, played by Rik Mayall, Ade Edmondson, Nigel Planer and Peter Richardson), which reaches No. 69 in the UK charts.",1986-10,MonthYear,Recording,25,VisualDocumentaryBook,brian-may-produces-comedy-band-bad-news-s-debut-album-1986-10,
Bad News release a cover of 'Bohemian Rhapsody' produced by Brian May,"Bad News (a comedy metal band spun off from The Young Ones) release a version of 'Bohemian Rhapsody' backed with 'Life With Brian', produced by Brian May; it reaches No. 44 in the UK singles chart.",1987-09-12,ExactDate,Release,25,VisualDocumentaryBook,bad-news-release-a-cover-of-bohemian-rhapsody-produced-by-brian-may-1987-09-12,
Brian May guests on Black Sabbath's 'Headless Cross' album,"Brian May records a guest guitar solo on the Black Sabbath track 'When Death Calls', from their album Headless Cross.",1989-04,MonthYear,Recording,25,VisualDocumentaryBook,brian-may-guests-on-black-sabbath-s-headless-cross-album-1989-04,
Vanilla Ice's 'Ice Ice Baby' (built on 'Under Pressure') hits UK number one,"US rapper Vanilla Ice's single 'Ice Ice Baby', built around the bassline from Queen and David Bowie's 'Under Pressure', reaches number one on the UK singles chart, having already topped the US chart.",1990-11-25,ExactDate,Other,40,VisualDocumentaryBook,vanilla-ice-s-ice-ice-baby-built-on-under-pressure-hits-uk-number-one-1990-11-25,
BBC televises hastily assembled Freddie Mercury tribute,"BBC1 broadcasts a hastily assembled 50-minute tribute to Freddie Mercury, introduced by a visibly distressed Elton John speaking off the cuff; it features scenes from Live Aid, Queen concerts spanning two decades, rare 1970s/80s interview footage, and the recently filmed 'Innuendo' video.",1991-11-25,ExactDate,TVRadio,45,VisualDocumentaryBook,bbc-televises-hastily-assembled-freddie-mercury-tribute-1991-11-25,
Freddie Mercury releases debut solo single 'Love Kills',"Freddie Mercury's first solo single, 'Love Kills', is released - a song written for Giorgio Moroder's soundtrack to the updated re-release of Fritz Lang's silent film Metropolis.",1984-09,MonthYear,Release,40,VisualDocumentaryBook,freddie-mercury-releases-debut-solo-single-love-kills-1984-09,
Freddie Mercury discusses his sexuality in The Sun,"The Sun newspaper publishes an interview in which Freddie Mercury is quoted discussing his sexuality; Freddie later says he was 'completely misquoted' and that the press wrote whatever they wanted about Queen.",1985-02,MonthYear,Other,30,VisualDocumentaryBook,freddie-mercury-discusses-his-sexuality-in-the-sun-1985-02,
'One Vision' is Queen's first genuinely four-way band co-write,"'One Vision', released in November 1985, marks the first time in the band's career that all four members collaborate as credited co-writers on a single.",1985-11,MonthYear,Release,30,VisualDocumentaryBook,one-vision-is-queens-first-genuinely-four-way-band-co-write-1985-11,
'The Complete Works' box set released,"Queen release 'The Complete Works', a limited-edition box set of all fourteen studio albums to date, digitally re-mastered and repackaged, plus a bonus album 'Complete Vision' collecting singles and B-sides.",1985-12-05,ExactDate,Release,35,VisualDocumentaryBook,the-complete-works-box-set-released-1985-12-05,
Queen publicly disavow apartheid and rule out a Sun City return,"After Sun City's entertainment director suggests a Queen return 'should not be ruled out' amid the Artists United Against Apartheid controversy, Queen issue a statement saying they have no plans to return to Sun City and have 'a total abhorrence of apartheid'.",1985-12-14,ExactDate,Other,35,VisualDocumentaryBook,queen-publicly-disavow-apartheid-and-rule-out-a-sun-city-return-1985-12-14,
Pope John Paul II's UK visit forces Queen to relocate two 1982 stadium shows,"Planned Queen concerts at Manchester's Old Trafford and London's Arsenal are cancelled after all portable chemical toilets in the UK are booked up for cities being visited by Pope John Paul II; the shows move to Leeds United's Elland Road and the Milton Keynes Bowl.",1982-05,MonthYear,Concert,30,VisualDocumentaryBook,pope-john-paul-iis-uk-visit-forces-queen-to-relocate-two-1982-stadium-shows-1982-05,
David Bowie recites the Lord's Prayer and reunites with Mott the Hoople and the Spiders From Mars at the Tribute Concert,"At the Freddie Mercury Tribute Concert, David Bowie closes his segment by reciting the Lord's Prayer on one knee to underline the show's AIDS-awareness message, then leads a one-off reunion of Spiders From Mars and Mott the Hoople musicians - Mick Ronson on guitar and Ian Hunter on vocals - through 'All The Young Dudes', backed by Brian May, Roger Taylor and John Deacon.",1992-04-20,ExactDate,Concert,35,VisualDocumentaryBook,david-bowie-recites-the-lords-prayer-and-reunites-with-mott-the-hoople-and-the-spiders-from-mars-at-the-tribute-concert-1992-04-20,
